# Blender 5.1.1
# www.blender.org
v -0.115674 0.517497 0.236676
v -0.151805 0.426884 0.228745
v -0.110943 0.463763 0.228314
v -0.104275 0.425787 0.247874
v -0.046384 0.457291 0.276747
v -0.056794 0.470166 0.251925
v -0.034000 0.481256 0.266612
v -0.063302 0.406524 0.271076
v -0.037163 0.362373 0.301245
v -0.077056 0.369250 0.264578
v -0.097455 0.356854 0.256176
v -0.084196 0.340006 0.265578
v -0.094516 0.322736 0.246612
v -0.101028 0.297970 0.225820
v -0.081818 0.269901 0.242225
v -0.078804 0.288393 0.253413
v -0.006684 0.372512 0.320919
v -0.014493 0.355970 0.318192
v -0.022597 0.274540 0.287954
v -0.046046 0.271655 0.274906
v -0.066672 0.326671 0.281274
v -0.074994 0.311232 0.269568
v -0.034084 0.338479 0.305969
v -0.028764 0.253210 0.294484
v -0.046458 0.260123 0.277859
v -0.028268 0.232664 0.285501
v -0.027824 0.220596 0.278627
v -0.045594 0.237488 0.265129
v -0.063373 0.244669 0.248624
v -0.062344 0.232640 0.237837
v -0.082390 0.256410 0.218379
v -0.100468 0.256502 0.179975
v -0.088975 0.394322 0.256384
v -0.121462 0.388650 0.242167
v -0.167928 0.419724 0.170180
v -0.155784 0.391736 0.186491
v -0.157046 0.343893 0.117460
v -0.142904 0.318304 0.138010
v -0.133758 0.286715 0.119413
v -0.122927 0.291308 0.161626
v -0.129920 0.353559 0.209208
v -0.131135 0.324444 0.182681
v -0.163634 0.348656 0.079793
v -0.179348 0.437207 0.128778
v -0.184088 0.447267 0.074794
v -0.177376 0.403526 0.080955
v -0.039137 0.608550 0.282996
v -0.040425 0.723239 0.171004
v -0.048354 0.740817 0.067521
v -0.041109 0.671730 -0.155914
v -0.090837 0.570543 0.265822
v -0.127375 0.588682 0.222190
v -0.129846 0.564299 0.237732
v -0.041212 0.501201 -0.199773
v -0.033469 0.395720 -0.173038
v -0.112403 0.714870 -0.015022
v -0.151361 0.680126 0.080082
v -0.168432 0.619510 0.087689
v -0.173705 0.558773 0.097064
v -0.147432 0.543451 0.206231
v -0.169322 0.663385 -0.045592
v -0.165915 0.638227 -0.086829
v -0.101977 0.565613 -0.158420
v -0.166899 0.564987 -0.116461
v -0.097186 0.495779 -0.168838
v -0.088189 0.436274 -0.176403
v -0.128653 0.396226 -0.108175
v -0.055928 0.353551 -0.107868
v -0.132225 0.674822 0.151480
v -0.041280 0.619481 -0.177325
v -0.167555 0.599739 -0.106161
v -0.103289 0.610308 -0.148200
v -0.189481 0.606382 -0.038117
v -0.149493 0.401824 -0.064585
v -0.117908 0.363627 -0.052165
v -0.173490 0.423688 -0.029403
v -0.193740 0.560749 -0.040469
v -0.169309 0.671381 -0.021792
v -0.187876 0.612676 -0.010075
v -0.190698 0.560374 0.000919
v -0.187142 0.517922 0.003872
v -0.106026 0.681870 -0.095502
v -0.168722 0.653618 -0.063687
v -0.186180 0.562878 -0.078637
v -0.160901 0.465401 -0.122830
v -0.192377 0.466314 -0.036422
v -0.160658 0.554986 0.156524
v -0.177436 0.514008 0.099325
v -0.028676 0.319493 0.305385
v -0.047569 0.319315 0.290099
v -0.019663 0.322246 0.309645
v -0.065707 0.320264 0.276740
v -0.057328 0.320722 0.283440
v -0.047506 0.321484 0.291933
v -0.063032 0.319709 0.275844
v -0.019567 0.320182 0.305772
v -0.131201 0.365690 0.037724
v -0.097575 0.455138 0.243094
v -0.071214 0.508396 0.271120
v -0.075577 0.498185 0.265185
v -0.112188 0.471091 0.233673
v -0.100156 0.489340 0.247698
v -0.015873 0.472030 0.314648
v -0.028997 0.391007 0.328122
v -0.031001 0.402674 0.338688
v -0.032164 0.433544 0.316777
v -0.021027 0.467517 0.303115
v -0.009980 0.433529 0.347218
v -0.052685 0.281971 0.283796
v -0.177014 0.427029 -0.007343
v -0.179300 0.429426 0.008794
v -0.179066 0.510498 0.015745
v -0.197267 0.443383 -0.000459
v -0.197871 0.460449 -0.002152
v -0.206702 0.519569 0.001050
v -0.220712 0.519936 0.009246
v -0.212467 0.512776 -0.009292
v -0.227042 0.507943 -0.001301
v -0.233229 0.477318 -0.004703
v -0.210246 0.443260 -0.011173
v -0.195896 0.471926 0.062073
v -0.210231 0.513223 0.027731
v -0.229960 0.480279 0.000166
v -0.214856 0.414737 0.022849
v -0.178471 0.392429 0.036366
v -0.197835 0.394222 0.044632
v -0.166090 0.396082 0.063735
v -0.213376 0.440607 0.034216
v -0.201477 0.453001 0.031885
v -0.199995 0.488558 0.031040
v -0.197934 0.492261 0.031047
v -0.210034 0.501765 0.012276
v -0.193039 0.471306 0.056796
v -0.196772 0.465105 0.040692
v -0.196640 0.424288 0.067909
v -0.196499 0.435442 0.048562
v -0.188550 0.456912 0.066562
v -0.187348 0.470352 0.067014
v -0.032016 0.178274 -0.126120
v -0.057592 0.295752 -0.105702
v -0.094097 0.295245 -0.084313
v -0.058191 0.241756 -0.105144
v -0.091401 0.241468 -0.081670
v -0.086524 0.177408 -0.082088
v -0.056849 0.112074 -0.115388
v -0.089007 0.113029 -0.088709
v -0.061909 0.025189 -0.133657
v -0.128772 0.296884 -0.010161
v -0.120303 0.180369 -0.016703
v -0.112234 0.114087 -0.064900
v -0.121021 0.115771 -0.020420
v -0.114811 0.115200 0.026657
v -0.119890 0.025226 -0.077083
v -0.112365 0.032920 0.028295
v -0.026889 0.221083 0.244152
v -0.052035 0.231017 0.228334
v -0.149760 0.307747 0.080599
v -0.099218 0.275538 0.082324
v -0.057768 0.231083 0.119024
v -0.026204 0.213927 0.165435
v -0.098613 0.258767 0.117359
v -0.087555 0.247520 0.130496
v -0.048464 0.222568 0.182766
v -0.020908 0.161209 0.164717
v -0.018124 0.141888 0.152919
v -0.017661 0.087354 0.130108
v -0.089993 0.266956 0.080424
v -0.061875 0.238193 0.100919
v -0.082904 0.098713 0.085431
v -0.113392 0.242998 0.061464
v -0.084999 0.178271 0.080957
v -0.060022 0.162583 0.102754
v -0.072800 0.355750 0.269662
v -0.037925 0.398819 0.289358
v -0.031441 0.495661 0.260751
v -0.038222 0.497258 0.257879
v -0.186258 0.474015 0.116690
v -0.099977 0.541234 0.274003
v -0.144503 0.520841 0.234079
v 0.000000 0.660572 0.268862
v -0.180000 0.467300 0.153097
v -0.103581 0.025189 0.061762
v -0.113428 0.243005 0.061454
v -0.036626 0.147680 0.118694
v -0.071580 0.242610 0.108187
v -0.058445 0.025189 0.102353
v -0.034839 0.356417 -0.128615
v -0.051155 0.732100 -0.057661
v -0.045881 0.700701 -0.118018
v -0.039756 0.468110 -0.200783
v -0.034505 0.113968 -0.133382
v -0.118642 0.294500 -0.055662
v -0.114356 0.241414 -0.055131
v -0.039161 -0.000003 -0.144975
v -0.062356 -0.000003 -0.124654
v -0.020791 -0.000003 0.115920
v -0.059264 -0.000003 0.102889
v -0.065305 0.545946 0.292893
v -0.132416 0.534617 0.250772
v -0.089432 0.524395 0.252342
v -0.069803 0.526699 0.265450
v -0.123555 0.503365 0.221356
v -0.127571 0.490419 0.213119
v -0.016853 0.516630 0.293163
v -0.042166 0.506200 0.255532
v -0.095167 0.450931 0.242131
v -0.069477 0.431987 0.267991
v -0.077712 0.458115 0.248667
v -0.043688 0.573775 0.300606
v -0.039540 0.416232 0.283991
v -0.057369 0.382397 0.278203
v -0.032654 0.388033 0.293826
v -0.054528 0.358311 0.288657
v -0.070470 0.348474 0.272485
v -0.105703 0.330997 0.230256
v -0.089765 0.305862 0.244057
v -0.063549 0.266812 0.261219
v -0.056716 0.281199 0.276320
v -0.026974 0.382808 0.307553
v -0.025602 0.359280 0.309993
v -0.027485 0.284818 0.294551
v -0.042077 0.282870 0.288048
v -0.056132 0.330431 0.290848
v -0.046554 0.334578 0.301304
v -0.075038 0.322970 0.273565
v -0.078676 0.318018 0.266140
v -0.078573 0.314426 0.264631
v -0.053338 0.304355 0.292341
v -0.020746 0.344492 0.319692
v -0.027950 0.299148 0.308872
v -0.038785 0.299379 0.306630
v -0.044637 0.226518 0.256252
v -0.083431 0.244320 0.205746
v -0.099182 0.267739 0.189572
v -0.164466 0.378368 0.140181
v -0.149599 0.351885 0.156491
v -0.118903 0.272807 0.143541
v -0.174409 0.396031 0.107201
v -0.190596 0.474461 0.072518
v -0.049796 0.717349 -0.089854
v -0.086805 0.602023 0.253356
v -0.078455 0.663769 0.239781
v -0.038828 0.435031 -0.201524
v -0.100315 0.712806 0.072321
v -0.167599 0.678886 0.002007
v -0.182270 0.618969 0.017967
v -0.184374 0.559999 0.042307
v -0.181535 0.514142 0.059626
v -0.107230 0.693977 -0.074111
v -0.104554 0.658958 -0.129086
v -0.164840 0.495154 -0.122360
v -0.155433 0.435649 -0.123454
v -0.077525 0.393785 -0.147762
v -0.098270 0.358509 -0.090078
v -0.082605 0.704599 0.160121
v -0.157160 0.399345 -0.020665
v -0.131202 0.365635 -0.010312
v -0.171423 0.429298 -0.067344
v -0.194678 0.503979 -0.037758
v -0.109817 0.706046 -0.044567
v -0.182625 0.602813 -0.072477
v -0.189592 0.499440 -0.081272
v -0.092687 0.466026 -0.172621
v -0.186950 0.464730 -0.076853
v -0.154322 0.607877 0.148769
v -0.168464 0.507944 0.141691
v -0.023366 0.319424 0.304517
v -0.061768 0.319172 0.277602
v -0.033524 0.322231 0.301003
v -0.054087 0.319785 0.283407
v -0.047529 0.319843 0.289078
v -0.033483 0.320193 0.299089
v -0.124888 0.306996 0.053582
v -0.155075 0.402140 0.029512
v -0.088303 0.475039 0.252513
v -0.006878 0.381140 0.352989
v -0.018934 0.409791 0.359916
v -0.011898 0.503733 0.297574
v -0.038302 0.395660 0.314831
v -0.041767 0.404327 0.293226
v -0.179883 0.469654 -0.014362
v -0.176580 0.472051 0.001775
v -0.162678 0.402625 0.047517
v -0.144181 0.357187 0.058318
v -0.130980 0.309017 0.062866
v -0.191712 0.474885 0.065430
v -0.196743 0.512253 0.054654
v -0.193348 0.522089 0.025938
v -0.209175 0.520017 0.028904
v -0.214641 0.474090 -0.014163
v -0.229575 0.446488 -0.002906
v -0.191873 0.510924 0.003261
v -0.199084 0.497642 -0.005496
v -0.200034 0.508933 0.048852
v -0.219693 0.515235 0.011607
v -0.224885 0.505398 0.002956
v -0.224586 0.461482 0.011717
v -0.195489 0.411509 0.014583
v -0.172849 0.389186 0.056837
v -0.184613 0.390052 0.065089
v -0.202706 0.420852 0.055998
v -0.206017 0.460835 0.023277
v -0.222956 0.489073 0.006685
v -0.212356 0.480534 0.021276
v -0.200892 0.475561 0.030859
v -0.220839 0.501702 0.005346
v -0.217679 0.502330 0.007097
v -0.188327 0.433235 0.072492
v -0.185988 0.459898 0.066205
v -0.201963 0.449517 0.037385
v -0.199432 0.451733 0.035627
v -0.038564 0.025833 -0.146868
v -0.056413 0.177683 -0.107923
v -0.093909 0.025189 -0.102690
v -0.118456 0.294500 -0.055662
v -0.127738 0.296858 0.027386
v -0.123440 0.242852 -0.015671
v -0.120419 0.242629 0.028861
v -0.111796 0.178950 -0.058955
v -0.116937 0.180165 0.031338
v -0.121771 0.032920 -0.023470
v -0.066686 0.236093 0.213037
v -0.084104 0.245511 0.186380
v -0.098236 0.256945 0.164972
v -0.125921 0.282010 0.114663
v -0.113577 0.270517 0.134706
v -0.086800 0.258313 0.095849
v -0.031271 0.217113 0.142835
v -0.025622 0.216792 0.203871
v -0.111743 0.277159 0.096166
v -0.074044 0.236200 0.144534
v -0.062737 0.228539 0.161098
v -0.080463 0.025189 0.085020
v -0.105559 0.107006 0.063173
v -0.021992 0.025189 0.114437
v -0.044054 0.192136 0.114332
v -0.087430 0.240891 0.083318
v -0.061513 0.212796 0.103006
v -0.168240 0.457535 0.200038
v -0.125439 0.478807 0.214724
v -0.112865 0.505672 0.246922
v -0.091382 0.507535 0.257515
v -0.124495 0.483736 0.232968
v -0.152712 0.498432 0.200841
v -0.033672 0.660242 0.269421
v -0.152511 0.503290 0.189879
v -0.106926 0.179028 0.063505
v -0.028685 0.090668 0.116804
v -0.049827 0.229291 0.110977
v -0.057908 0.092688 0.106112
v -0.052514 0.743234 -0.025467
v -0.041359 0.564106 -0.189388
v -0.033767 0.294038 -0.121794
v -0.032894 0.240958 -0.122985
v -0.112636 0.114448 -0.064571
v -0.094181 -0.000003 -0.100906
v -0.122641 -0.000003 -0.078310
v -0.122083 -0.000003 -0.023567
v -0.112568 -0.000003 0.029275
v -0.081591 -0.000003 0.085691
v -0.105901 -0.000003 0.062560
v -0.185350 0.464563 0.073346
v 0.000000 0.370435 0.320196
v 0.000000 0.353367 0.319756
v 0.000000 0.275306 0.286713
v 0.000000 0.285583 0.295985
v 0.000000 0.337441 0.321853
v 0.000000 0.298564 0.318470
v 0.000000 0.254168 0.295912
v 0.000000 0.231654 0.285625
v 0.000000 0.218112 0.280054
v 0.000000 0.358249 -0.136369
v 0.000000 0.318956 0.313884
v 0.000000 0.320338 0.313562
v 0.000000 0.319282 0.313265
v 0.000000 0.575603 0.301005
v 0.000000 0.609367 0.284506
v 0.000000 0.722099 0.175085
v 0.000000 0.740924 0.069183
v 0.000000 0.745960 -0.027258
v 0.000000 0.719790 -0.091645
v 0.000000 0.675611 -0.157805
v 0.000000 0.567824 -0.196007
v 0.000000 0.505940 -0.206119
v 0.000000 0.437172 -0.207323
v 0.000000 0.397793 -0.175043
v 0.000000 0.630012 -0.177984
v 0.000000 0.734825 -0.059451
v 0.000000 0.703427 -0.119808
v 0.000000 0.472357 -0.206721
v 0.000000 0.381000 0.354127
v 0.000000 0.404283 0.367503
v 0.000000 0.438209 0.347246
v 0.000000 0.468978 0.322818
v 0.000000 0.505928 0.299187
v 0.000000 0.294426 -0.132427
v 0.000000 0.239096 -0.129004
v 0.000000 0.174576 -0.133489
v 0.000000 0.108365 -0.141905
v 0.000000 0.025189 -0.155913
v 0.000000 0.218419 0.246958
v 0.000000 0.210668 0.169861
v 0.000000 0.213538 0.208298
v 0.000000 0.159339 0.170308
v 0.000000 0.141009 0.153535
v 0.000000 0.085437 0.129775
v 0.000000 0.025189 0.131561
v 0.000000 0.358249 -0.136211
v 0.000000 0.516479 0.292845
v 0.000000 0.661299 0.268594
v 0.000000 -0.000003 -0.154124
v 0.000000 -0.000003 0.128369
v -0.186851 0.427616 0.020939
v -0.176312 0.411849 0.042337
v -0.186199 0.511021 0.020842
v -0.015700 0.485667 0.285936
v 0.000000 0.629655 -0.177798
v -0.001545 0.609335 0.284446
v -0.001536 0.722198 0.174930
v -0.001546 0.740921 0.069130
v 0.000000 0.675475 -0.157739
v 0.000000 0.397706 -0.174959
v 0.000000 0.505776 -0.205900
v -0.001545 0.575538 0.300991
v 0.000000 0.719709 -0.091592
v 0.000000 0.437094 -0.207110
v -0.001536 0.661251 0.268774
v -0.001508 0.358170 -0.136034
v 0.000000 0.734746 -0.059399
v 0.000000 0.745883 -0.027207
v 0.000000 0.567696 -0.195779
v 0.000000 0.472205 -0.206509
v 0.000000 0.703340 -0.119751
v -0.001467 0.353630 0.319598
v -0.001424 0.370877 0.320350
v -0.001463 0.320480 0.313270
v -0.001468 0.319350 0.312971
v -0.001432 0.404275 0.367157
v -0.001440 0.468876 0.322414
v -0.001412 0.337921 0.321706
v -0.001465 0.381200 0.353885
v -0.001478 0.438021 0.347088
v -0.001461 0.505885 0.298855
v -0.001498 0.516492 0.292873
v -0.001478 -0.000003 -0.153779
v -0.002162 0.239218 -0.128609
v -0.001880 0.174793 -0.133057
v -0.001997 0.294403 -0.131798
v -0.001942 0.108680 -0.141425
v -0.002288 0.025228 -0.155377
v -0.001483 0.358171 -0.135888
v -0.001742 0.275247 0.286618
v -0.001920 0.254104 0.295816
v -0.001887 0.231721 0.285835
v -0.001795 0.218597 0.246771
v -0.001237 0.210886 0.169565
v -0.000777 0.159374 0.169988
v -0.000634 0.140977 0.153426
v -0.000704 0.085453 0.129745
v -0.001857 0.218278 0.279959
v -0.001835 0.285532 0.295889
v -0.001866 0.298603 0.317744
v -0.001560 0.318987 0.313259
v -0.001710 0.213755 0.208002
v -0.015473 -0.000003 0.123433
v -0.014635 0.025189 0.125163
v -0.017029 0.505439 0.279019
v 0.000000 0.453594 0.335032
v -0.001459 0.453302 0.334868
v -0.011730 0.450467 0.332889
v -0.012729 0.446487 0.328788
v -0.011767 0.404955 0.366507
v 0.000000 0.652812 -0.167894
v -0.041195 0.645606 -0.167441
v -0.166602 0.649818 0.083886
v -0.166467 0.618983 -0.098173
v -0.181891 0.634883 -0.041854
v -0.181681 0.642028 -0.015934
v -0.081188 0.632896 0.246569
v -0.178559 0.648928 0.009987
v 0.000000 0.635333 0.278166
v -0.036405 0.634396 0.276208
v -0.130839 0.630517 0.196550
v -0.103922 0.634633 -0.138534
v -0.175799 0.627214 -0.069322
v -0.149387 0.641803 0.146432
v 0.000000 0.652565 -0.167768
v -0.001540 0.635293 0.278226
v -0.001536 0.660524 0.269039
v -0.078532 0.662905 0.239972
v -0.033749 0.659518 0.269611
v -0.132015 0.673581 0.152742
v -0.129846 0.564299 0.237732
v -0.112865 0.505672 0.246922
v -0.132416 0.534617 0.250772
v -0.115674 0.517497 0.236676
v -0.127375 0.588682 0.222190
v -0.130839 0.630517 0.196550
v -0.132225 0.674822 0.151480
v -0.132015 0.673581 0.152742
v 0.000000 0.675611 -0.157805
v -0.165915 0.638227 -0.086829
v -0.128653 0.396226 -0.108175
v -0.166899 0.564987 -0.116461
v -0.089007 0.113029 -0.088709
v -0.155433 0.435649 -0.123454
v -0.162454 0.495154 -0.122360
v -0.094181 -0.000003 -0.100906
v -0.104554 0.658958 -0.129086
v -0.098270 0.358509 -0.090078
v -0.041109 0.671730 -0.155914
v -0.167555 0.599739 -0.104574
v -0.158778 0.465401 -0.122830
v -0.086524 0.177408 -0.082088
v -0.091401 0.241468 -0.081670
v -0.094097 0.295245 -0.084313
v -0.093909 0.025189 -0.102690
v 0.000000 0.675475 -0.157739
v -0.166467 0.618983 -0.096538
v -0.151805 0.426884 0.228745
v -0.097455 0.356854 0.256176
v -0.121462 0.388650 0.242167
v -0.084196 0.340006 0.265578
v -0.110943 0.463763 0.228314
v 0.000000 0.337441 0.321853
v -0.084196 0.340006 0.265578
v -0.151805 0.426884 0.228745
v -0.121462 0.388650 0.242167
v -0.066672 0.326671 0.281274
v -0.075038 0.322970 0.273565
v -0.190596 0.474461 0.072518
v -0.097455 0.356854 0.256176
v -0.168240 0.457535 0.200038
v -0.180000 0.467300 0.153097
v -0.020746 0.344492 0.319692
v -0.046554 0.334578 0.301304
v -0.034084 0.338479 0.305969
v -0.056132 0.330431 0.290848
v -0.186258 0.474015 0.116690
v -0.001412 0.337921 0.321706
v -0.088870 0.475723 0.252282
v -0.076152 0.498525 0.264906
v -0.072175 0.508355 0.270471
v -0.033618 0.481348 0.267015
v -0.045816 0.457520 0.277338
v -0.039215 0.416997 0.285439
v -0.046162 0.456920 0.277373
v -0.034839 0.356417 -0.128615
v -0.034505 0.113968 -0.133382
v -0.045881 0.700701 -0.118018
v -0.041280 0.619481 -0.177325
v -0.069803 0.526699 0.265450
v -0.043688 0.573775 0.300606
v -0.052514 0.743234 -0.025467
v -0.049796 0.717266 -0.089854
v -0.041359 0.564106 -0.189388
v -0.041212 0.501201 -0.199773
v -0.033469 0.395720 -0.173038
v -0.040425 0.723239 0.171004
v -0.033767 0.294038 -0.121794
v -0.032894 0.240958 -0.122985
v -0.032016 0.178274 -0.126120
v -0.038564 0.025833 -0.146868
v -0.039137 0.608550 0.282996
v -0.051155 0.732100 -0.057661
v -0.039756 0.468110 -0.200783
v -0.065305 0.545946 0.292893
v -0.038828 0.435031 -0.201524
v -0.041109 0.671730 -0.155914
v -0.048354 0.740817 0.067521
v -0.039161 -0.000003 -0.144975
v -0.041195 0.645606 -0.167441
v -0.036405 0.634396 0.276208
v -0.041109 0.671730 -0.155914
v -0.072175 0.508355 0.270471
v 0.115674 0.517497 0.236676
v 0.151805 0.426884 0.228745
v 0.110943 0.463763 0.228314
v 0.104275 0.425787 0.247874
v 0.046384 0.457291 0.276747
v 0.056794 0.470166 0.251925
v 0.034000 0.481256 0.266612
v 0.063302 0.406524 0.271076
v 0.037163 0.362373 0.301245
v 0.077056 0.369250 0.264578
v 0.097455 0.356854 0.256176
v 0.084196 0.340006 0.265578
v 0.094516 0.322736 0.246612
v 0.101028 0.297970 0.225820
v 0.081818 0.269901 0.242225
v 0.078804 0.288393 0.253413
v 0.006684 0.372512 0.320919
v 0.014493 0.355970 0.318192
v 0.022597 0.274540 0.287954
v 0.046046 0.271655 0.274906
v 0.066672 0.326671 0.281274
v 0.074994 0.311232 0.269568
v 0.034084 0.338479 0.305969
v 0.028764 0.253210 0.294484
v 0.046458 0.260123 0.277859
v 0.028268 0.232664 0.285501
v 0.027824 0.220596 0.278627
v 0.045594 0.237488 0.265129
v 0.063373 0.244669 0.248624
v 0.062344 0.232640 0.237837
v 0.082390 0.256410 0.218379
v 0.100468 0.256502 0.179975
v 0.088975 0.394322 0.256384
v 0.121462 0.388650 0.242167
v 0.167928 0.419724 0.170180
v 0.155784 0.391736 0.186491
v 0.157046 0.343893 0.117460
v 0.142904 0.318304 0.138010
v 0.133758 0.286715 0.119413
v 0.122927 0.291308 0.161626
v 0.129920 0.353559 0.209208
v 0.131135 0.324444 0.182681
v 0.163634 0.348656 0.079793
v 0.179348 0.437207 0.128778
v 0.184088 0.447267 0.074794
v 0.177376 0.403526 0.080955
v 0.039137 0.608550 0.282996
v 0.040425 0.723239 0.171004
v 0.048354 0.740817 0.067521
v 0.041109 0.671730 -0.155914
v 0.090837 0.570543 0.265822
v 0.127375 0.588682 0.222190
v 0.129846 0.564299 0.237732
v 0.041212 0.501201 -0.199773
v 0.033469 0.395720 -0.173038
v 0.112403 0.714870 -0.015022
v 0.151361 0.680126 0.080082
v 0.168432 0.619510 0.087689
v 0.173705 0.558773 0.097064
v 0.147432 0.543451 0.206231
v 0.169322 0.663385 -0.045592
v 0.165915 0.638227 -0.086829
v 0.101977 0.565613 -0.158420
v 0.166899 0.564987 -0.116461
v 0.097186 0.495779 -0.168838
v 0.088189 0.436274 -0.176403
v 0.128653 0.396226 -0.108175
v 0.055928 0.353551 -0.107868
v 0.132225 0.674822 0.151480
v 0.041280 0.619481 -0.177325
v 0.167555 0.599739 -0.106161
v 0.103289 0.610308 -0.148200
v 0.189481 0.606382 -0.038117
v 0.149493 0.401824 -0.064585
v 0.117908 0.363627 -0.052165
v 0.173490 0.423688 -0.029403
v 0.193740 0.560749 -0.040469
v 0.169309 0.671381 -0.021792
v 0.187876 0.612676 -0.010075
v 0.190698 0.560374 0.000919
v 0.187142 0.517922 0.003872
v 0.106026 0.681870 -0.095502
v 0.168722 0.653618 -0.063687
v 0.186180 0.562878 -0.078637
v 0.160901 0.465401 -0.122830
v 0.192377 0.466314 -0.036422
v 0.160658 0.554986 0.156524
v 0.177436 0.514008 0.099325
v 0.028676 0.319493 0.305385
v 0.047569 0.319315 0.290099
v 0.019663 0.322246 0.309645
v 0.065707 0.320264 0.276740
v 0.057328 0.320722 0.283440
v 0.047506 0.321484 0.291933
v 0.063032 0.319709 0.275844
v 0.019567 0.320182 0.305772
v 0.131201 0.365690 0.037724
v 0.097575 0.455138 0.243094
v 0.071214 0.508396 0.271120
v 0.075577 0.498185 0.265185
v 0.112188 0.471091 0.233673
v 0.100156 0.489340 0.247698
v 0.015873 0.472030 0.314648
v 0.028997 0.391007 0.328122
v 0.031001 0.402674 0.338688
v 0.032164 0.433544 0.316777
v 0.021027 0.467517 0.303115
v 0.009980 0.433529 0.347218
v 0.052685 0.281971 0.283796
v 0.177014 0.427029 -0.007343
v 0.179300 0.429426 0.008794
v 0.179066 0.510498 0.015745
v 0.197267 0.443383 -0.000459
v 0.197871 0.460449 -0.002152
v 0.206702 0.519569 0.001050
v 0.220712 0.519936 0.009246
v 0.212467 0.512776 -0.009292
v 0.227042 0.507943 -0.001301
v 0.233229 0.477318 -0.004703
v 0.210246 0.443260 -0.011173
v 0.195896 0.471926 0.062073
v 0.210231 0.513223 0.027731
v 0.229960 0.480279 0.000166
v 0.214856 0.414737 0.022849
v 0.178471 0.392429 0.036366
v 0.197835 0.394222 0.044632
v 0.166090 0.396082 0.063735
v 0.213376 0.440607 0.034216
v 0.201477 0.453001 0.031885
v 0.199995 0.488558 0.031040
v 0.197934 0.492261 0.031047
v 0.210034 0.501765 0.012276
v 0.193039 0.471306 0.056796
v 0.196772 0.465105 0.040692
v 0.196640 0.424288 0.067909
v 0.196499 0.435442 0.048562
v 0.188550 0.456912 0.066562
v 0.187348 0.470352 0.067014
v 0.032016 0.178274 -0.126120
v 0.057592 0.295752 -0.105702
v 0.094097 0.295245 -0.084313
v 0.058191 0.241756 -0.105144
v 0.091401 0.241468 -0.081670
v 0.086524 0.177408 -0.082088
v 0.056849 0.112074 -0.115388
v 0.089007 0.113029 -0.088709
v 0.061909 0.025189 -0.133657
v 0.128772 0.296884 -0.010161
v 0.120303 0.180369 -0.016703
v 0.112234 0.114087 -0.064900
v 0.121021 0.115771 -0.020420
v 0.114811 0.115200 0.026657
v 0.119890 0.025226 -0.077083
v 0.112365 0.032920 0.028295
v 0.026889 0.221083 0.244152
v 0.052035 0.231017 0.228334
v 0.149760 0.307747 0.080599
v 0.099218 0.275538 0.082324
v 0.057768 0.231083 0.119024
v 0.026204 0.213927 0.165435
v 0.098613 0.258767 0.117359
v 0.087555 0.247520 0.130496
v 0.048464 0.222568 0.182766
v 0.020908 0.161209 0.164717
v 0.018124 0.141888 0.152919
v 0.017661 0.087354 0.130108
v 0.089993 0.266956 0.080424
v 0.061875 0.238193 0.100919
v 0.082904 0.098713 0.085431
v 0.113392 0.242998 0.061464
v 0.084999 0.178271 0.080957
v 0.060022 0.162583 0.102754
v 0.072800 0.355750 0.269662
v 0.037925 0.398819 0.289358
v 0.031441 0.495661 0.260751
v 0.038222 0.497258 0.257879
v 0.186258 0.474015 0.116690
v 0.099977 0.541234 0.274003
v 0.144503 0.520841 0.234079
v 0.180000 0.467300 0.153097
v 0.103581 0.025189 0.061762
v 0.113428 0.243005 0.061454
v 0.036626 0.147680 0.118694
v 0.071580 0.242610 0.108187
v 0.058445 0.025189 0.102353
v 0.034839 0.356417 -0.128615
v 0.051155 0.732100 -0.057661
v 0.045881 0.700701 -0.118018
v 0.039756 0.468110 -0.200783
v 0.034505 0.113968 -0.133382
v 0.118642 0.294500 -0.055662
v 0.114356 0.241414 -0.055131
v 0.039161 -0.000003 -0.144975
v 0.062356 -0.000003 -0.124654
v 0.020791 -0.000003 0.115920
v 0.059264 -0.000003 0.102889
v 0.065305 0.545946 0.292893
v 0.132416 0.534617 0.250772
v 0.089432 0.524395 0.252342
v 0.069803 0.526699 0.265450
v 0.123555 0.503365 0.221356
v 0.127571 0.490419 0.213119
v 0.016853 0.516630 0.293163
v 0.042166 0.506200 0.255532
v 0.095167 0.450931 0.242131
v 0.069477 0.431987 0.267991
v 0.077712 0.458115 0.248667
v 0.043688 0.573775 0.300606
v 0.039540 0.416232 0.283991
v 0.057369 0.382397 0.278203
v 0.032654 0.388033 0.293826
v 0.054528 0.358311 0.288657
v 0.070470 0.348474 0.272485
v 0.105703 0.330997 0.230256
v 0.089765 0.305862 0.244057
v 0.063549 0.266812 0.261219
v 0.056716 0.281199 0.276320
v 0.026974 0.382808 0.307553
v 0.025602 0.359280 0.309993
v 0.027485 0.284818 0.294551
v 0.042077 0.282870 0.288048
v 0.056132 0.330431 0.290848
v 0.046554 0.334578 0.301304
v 0.075038 0.322970 0.273565
v 0.078676 0.318018 0.266140
v 0.078573 0.314426 0.264631
v 0.053338 0.304355 0.292341
v 0.020746 0.344492 0.319692
v 0.027950 0.299148 0.308872
v 0.038785 0.299379 0.306630
v 0.044637 0.226518 0.256252
v 0.083431 0.244320 0.205746
v 0.099182 0.267739 0.189572
v 0.164466 0.378368 0.140181
v 0.149599 0.351885 0.156491
v 0.118903 0.272807 0.143541
v 0.174409 0.396031 0.107201
v 0.190596 0.474461 0.072518
v 0.049796 0.717349 -0.089854
v 0.086805 0.602023 0.253356
v 0.078455 0.663769 0.239781
v 0.038828 0.435031 -0.201524
v 0.100315 0.712806 0.072321
v 0.167599 0.678886 0.002007
v 0.182270 0.618969 0.017967
v 0.184374 0.559999 0.042307
v 0.181535 0.514142 0.059626
v 0.107230 0.693977 -0.074111
v 0.104554 0.658958 -0.129086
v 0.164840 0.495154 -0.122360
v 0.155433 0.435649 -0.123454
v 0.077525 0.393785 -0.147762
v 0.098270 0.358509 -0.090078
v 0.082605 0.704599 0.160121
v 0.157160 0.399345 -0.020665
v 0.131202 0.365635 -0.010312
v 0.171423 0.429298 -0.067344
v 0.194678 0.503979 -0.037758
v 0.109817 0.706046 -0.044567
v 0.182625 0.602813 -0.072477
v 0.189592 0.499440 -0.081272
v 0.092687 0.466026 -0.172621
v 0.186950 0.464730 -0.076853
v 0.154322 0.607877 0.148769
v 0.168464 0.507944 0.141691
v 0.023366 0.319424 0.304517
v 0.061768 0.319172 0.277602
v 0.033524 0.322231 0.301003
v 0.054087 0.319785 0.283407
v 0.047529 0.319843 0.289078
v 0.033483 0.320193 0.299089
v 0.124888 0.306996 0.053582
v 0.155075 0.402140 0.029512
v 0.088303 0.475039 0.252513
v 0.006878 0.381140 0.352989
v 0.018934 0.409791 0.359916
v 0.011898 0.503733 0.297574
v 0.038302 0.395660 0.314831
v 0.041767 0.404327 0.293226
v 0.179883 0.469654 -0.014362
v 0.176580 0.472051 0.001775
v 0.162678 0.402625 0.047517
v 0.144181 0.357187 0.058318
v 0.130980 0.309017 0.062866
v 0.191712 0.474885 0.065430
v 0.196743 0.512253 0.054654
v 0.193348 0.522089 0.025938
v 0.209175 0.520017 0.028904
v 0.214641 0.474090 -0.014163
v 0.229575 0.446488 -0.002906
v 0.191873 0.510924 0.003261
v 0.199084 0.497642 -0.005496
v 0.200034 0.508933 0.048852
v 0.219693 0.515235 0.011607
v 0.224885 0.505398 0.002956
v 0.224586 0.461482 0.011717
v 0.195489 0.411509 0.014583
v 0.172849 0.389186 0.056837
v 0.184613 0.390052 0.065089
v 0.202706 0.420852 0.055998
v 0.206017 0.460835 0.023277
v 0.222956 0.489073 0.006685
v 0.212356 0.480534 0.021276
v 0.200892 0.475561 0.030859
v 0.220839 0.501702 0.005346
v 0.217679 0.502330 0.007097
v 0.188327 0.433235 0.072492
v 0.185988 0.459898 0.066205
v 0.201963 0.449517 0.037385
v 0.199432 0.451733 0.035627
v 0.038564 0.025833 -0.146868
v 0.056413 0.177683 -0.107923
v 0.093909 0.025189 -0.102690
v 0.118456 0.294500 -0.055662
v 0.127738 0.296858 0.027386
v 0.123440 0.242852 -0.015671
v 0.120419 0.242629 0.028861
v 0.111796 0.178950 -0.058955
v 0.116937 0.180165 0.031338
v 0.121771 0.032920 -0.023470
v 0.066686 0.236093 0.213037
v 0.084104 0.245511 0.186380
v 0.098236 0.256945 0.164972
v 0.125921 0.282010 0.114663
v 0.113577 0.270517 0.134706
v 0.086800 0.258313 0.095849
v 0.031271 0.217113 0.142835
v 0.025622 0.216792 0.203871
v 0.111743 0.277159 0.096166
v 0.074044 0.236200 0.144534
v 0.062737 0.228539 0.161098
v 0.080463 0.025189 0.085020
v 0.105559 0.107006 0.063173
v 0.021992 0.025189 0.114437
v 0.044054 0.192136 0.114332
v 0.087430 0.240891 0.083318
v 0.061513 0.212796 0.103006
v 0.168240 0.457535 0.200038
v 0.125439 0.478807 0.214724
v 0.112865 0.505672 0.246922
v 0.091382 0.507535 0.257515
v 0.124495 0.483736 0.232968
v 0.152712 0.498432 0.200841
v 0.033672 0.660242 0.269421
v 0.152511 0.503290 0.189879
v 0.106926 0.179028 0.063505
v 0.028685 0.090668 0.116804
v 0.049827 0.229291 0.110977
v 0.057908 0.092688 0.106112
v 0.052514 0.743234 -0.025467
v 0.041359 0.564106 -0.189388
v 0.033767 0.294038 -0.121794
v 0.032894 0.240958 -0.122985
v 0.112636 0.114448 -0.064571
v 0.094181 -0.000003 -0.100906
v 0.122641 -0.000003 -0.078310
v 0.122083 -0.000003 -0.023567
v 0.112568 -0.000003 0.029275
v 0.081591 -0.000003 0.085691
v 0.105901 -0.000003 0.062560
v 0.185350 0.464563 0.073346
v 0.186851 0.427616 0.020939
v 0.176312 0.411849 0.042337
v 0.186199 0.511021 0.020842
v 0.015700 0.485667 0.285936
v 0.001545 0.609335 0.284446
v 0.001536 0.722198 0.174930
v 0.001546 0.740921 0.069130
v 0.001545 0.575538 0.300991
v 0.001536 0.661251 0.268774
v 0.001508 0.358170 -0.136034
v 0.001467 0.353630 0.319598
v 0.001424 0.370877 0.320350
v 0.001463 0.320480 0.313270
v 0.001468 0.319350 0.312971
v 0.001432 0.404275 0.367157
v 0.001440 0.468876 0.322414
v 0.001412 0.337921 0.321706
v 0.001465 0.381200 0.353885
v 0.001478 0.438021 0.347088
v 0.001461 0.505885 0.298855
v 0.001498 0.516492 0.292873
v 0.001478 -0.000003 -0.153779
v 0.002162 0.239218 -0.128609
v 0.001880 0.174793 -0.133057
v 0.001997 0.294403 -0.131798
v 0.001942 0.108680 -0.141425
v 0.002288 0.025228 -0.155377
v 0.001483 0.358171 -0.135888
v 0.001742 0.275247 0.286618
v 0.001920 0.254104 0.295816
v 0.001887 0.231721 0.285835
v 0.001795 0.218597 0.246771
v 0.001237 0.210886 0.169565
v 0.000777 0.159374 0.169988
v 0.000634 0.140977 0.153426
v 0.000704 0.085453 0.129745
v 0.001857 0.218278 0.279959
v 0.001835 0.285532 0.295889
v 0.001866 0.298603 0.317744
v 0.001560 0.318987 0.313259
v 0.001710 0.213755 0.208002
v 0.015473 -0.000003 0.123433
v 0.014635 0.025189 0.125163
v 0.017029 0.505439 0.279019
v 0.001459 0.453302 0.334868
v 0.011730 0.450467 0.332889
v 0.012729 0.446487 0.328788
v 0.011767 0.404955 0.366507
v 0.041195 0.645606 -0.167441
v 0.166602 0.649818 0.083886
v 0.166467 0.618983 -0.098173
v 0.181891 0.634883 -0.041854
v 0.181681 0.642028 -0.015934
v 0.081188 0.632896 0.246569
v 0.178559 0.648928 0.009987
v 0.036405 0.634396 0.276208
v 0.130839 0.630517 0.196550
v 0.103922 0.634633 -0.138534
v 0.175799 0.627214 -0.069322
v 0.149387 0.641803 0.146432
v 0.001540 0.635293 0.278226
v 0.001536 0.660524 0.269039
v 0.078532 0.662905 0.239972
v 0.033749 0.659518 0.269611
v 0.132015 0.673581 0.152742
v 0.129846 0.564299 0.237732
v 0.112865 0.505672 0.246922
v 0.132416 0.534617 0.250772
v 0.115674 0.517497 0.236676
v 0.127375 0.588682 0.222190
v 0.130839 0.630517 0.196550
v 0.132225 0.674822 0.151480
v 0.132015 0.673581 0.152742
v 0.165915 0.638227 -0.086829
v 0.128653 0.396226 -0.108175
v 0.166899 0.564987 -0.116461
v 0.089007 0.113029 -0.088709
v 0.155433 0.435649 -0.123454
v 0.162454 0.495154 -0.122360
v 0.094181 -0.000003 -0.100906
v 0.104554 0.658958 -0.129086
v 0.098270 0.358509 -0.090078
v 0.041109 0.671730 -0.155914
v 0.167555 0.599739 -0.104574
v 0.158778 0.465401 -0.122830
v 0.086524 0.177408 -0.082088
v 0.091401 0.241468 -0.081670
v 0.094097 0.295245 -0.084313
v 0.093909 0.025189 -0.102690
v 0.166467 0.618983 -0.096538
v 0.151805 0.426884 0.228745
v 0.097455 0.356854 0.256176
v 0.121462 0.388650 0.242167
v 0.084196 0.340006 0.265578
v 0.110943 0.463763 0.228314
v 0.084196 0.340006 0.265578
v 0.151805 0.426884 0.228745
v 0.121462 0.388650 0.242167
v 0.066672 0.326671 0.281274
v 0.075038 0.322970 0.273565
v 0.190596 0.474461 0.072518
v 0.097455 0.356854 0.256176
v 0.168240 0.457535 0.200038
v 0.180000 0.467300 0.153097
v 0.020746 0.344492 0.319692
v 0.046554 0.334578 0.301304
v 0.034084 0.338479 0.305969
v 0.056132 0.330431 0.290848
v 0.186258 0.474015 0.116690
v 0.001412 0.337921 0.321706
v 0.088870 0.475723 0.252282
v 0.076152 0.498525 0.264906
v 0.072175 0.508355 0.270471
v 0.033618 0.481348 0.267015
v 0.045816 0.457520 0.277338
v 0.039215 0.416997 0.285439
v 0.046162 0.456920 0.277373
v 0.034839 0.356417 -0.128615
v 0.034505 0.113968 -0.133382
v 0.045881 0.700701 -0.118018
v 0.041280 0.619481 -0.177325
v 0.069803 0.526699 0.265450
v 0.043688 0.573775 0.300606
v 0.052514 0.743234 -0.025467
v 0.049796 0.717266 -0.089854
v 0.041359 0.564106 -0.189388
v 0.041212 0.501201 -0.199773
v 0.033469 0.395720 -0.173038
v 0.040425 0.723239 0.171004
v 0.033767 0.294038 -0.121794
v 0.032894 0.240958 -0.122985
v 0.032016 0.178274 -0.126120
v 0.038564 0.025833 -0.146868
v 0.039137 0.608550 0.282996
v 0.051155 0.732100 -0.057661
v 0.039756 0.468110 -0.200783
v 0.065305 0.545946 0.292893
v 0.038828 0.435031 -0.201524
v 0.041109 0.671730 -0.155914
v 0.048354 0.740817 0.067521
v 0.039161 -0.000003 -0.144975
v 0.041195 0.645606 -0.167441
v 0.036405 0.634396 0.276208
v 0.041109 0.671730 -0.155914
v 0.072175 0.508355 0.270471
vn -0.2077 -0.7835 0.5856
vn -0.2159 -0.7901 0.5737
vn -0.2180 -0.7917 0.5707
vn -0.2261 -0.7980 0.5586
vn -0.1442 -0.6996 0.6998
vn -0.2212 -0.6880 0.6911
vn -0.2836 -0.6753 0.6808
vn -0.3566 -0.6565 0.6647
vn -0.4185 0.2858 0.8621
vn -0.4236 0.3209 0.8471
vn -0.4361 0.4343 0.7881
vn -0.3613 0.3761 0.8532
vn -0.3795 0.2097 0.9011
vn -0.4303 0.1961 0.8811
vn -0.4329 0.3836 0.8157
vn -0.5119 0.1909 0.8376
vn -0.5401 0.4313 0.7227
vn -0.6308 0.4183 0.6535
vn -0.6035 0.4541 0.6554
vn -0.6512 0.4552 0.6073
vn -0.4693 0.4289 0.7719
vn -0.2745 0.4038 0.8727
vn -0.5133 0.0606 0.8561
vn -0.4969 0.0958 0.8625
vn -0.5904 0.1522 0.7926
vn -0.5473 0.1182 0.8286
vn -0.6234 0.1910 0.7582
vn -0.6709 0.1913 0.7164
vn -0.6270 0.1902 0.7555
vn -0.5919 0.1486 0.7922
vn -0.6460 0.1473 0.7490
vn -0.4967 0.1522 0.8545
vn -0.5590 0.1503 0.8155
vn -0.8014 -0.2044 0.5622
vn -0.7865 -0.2780 0.5515
vn -0.8070 -0.2737 0.5233
vn -0.8033 -0.2349 0.5473
vn -0.8364 -0.3270 0.4399
vn -0.8055 -0.2326 0.5451
vn -0.7976 -0.3703 0.4762
vn -0.7698 -0.2524 0.5862
vn -0.7424 -0.3435 0.5752
vn -0.7988 -0.2110 0.5634
vn -0.6109 0.1537 0.7767
vn -0.6839 0.1446 0.7151
vn -0.5997 0.1570 0.7847
vn -0.5403 0.0808 0.8376
vn -0.0425 -0.0661 0.9969
vn -0.0510 0.0408 0.9979
vn -0.0000 0.0582 0.9983
vn -0.0000 -0.0347 0.9994
vn -0.2375 -0.6946 0.6790
vn -0.1894 -0.7094 0.6788
vn -0.2484 -0.7193 0.6488
vn -0.0574 -0.7413 0.6687
vn -0.0001 -0.6391 0.7691
vn -0.0000 -0.6698 0.7426
vn -0.0000 -0.7783 0.6279
vn -0.7746 -0.2705 0.5716
vn -0.8027 -0.2562 0.5386
vn -0.1147 -0.6373 0.7620
vn -0.1534 -0.7026 0.6948
vn -0.2663 -0.7041 0.6582
vn -0.5398 0.1480 0.8287
vn -0.6619 0.2468 0.7078
vn -0.7906 -0.2270 0.5687
vn -0.7957 -0.1851 0.5767
vn -0.6668 0.1294 0.7339
vn -0.7010 0.1366 0.6999
vn -0.7490 -0.2750 0.6028
vn -0.0648 0.0508 0.9966
vn -0.0642 0.1457 0.9872
vn -0.0683 0.1370 0.9882
vn -0.2619 -0.7212 0.6413
vn -0.6143 0.1453 0.7756
vn -0.5990 0.1407 0.7883
vn -0.0370 0.3745 0.9265
vn -0.0116 0.3488 0.9371
vn -0.0361 0.3736 0.9269
vn -0.5716 0.2886 0.7681
vn -0.5304 0.3314 0.7803
vn -0.5843 0.2747 0.7636
vn -0.0000 -0.4080 0.9130
vn -0.0290 -0.4042 0.9142
vn -0.0422 -0.4251 0.9041
vn -0.0134 -0.4141 0.9101
vn -0.7636 -0.3954 0.5104
vn -0.7498 -0.3556 0.5580
vn -0.7318 -0.3948 0.5555
vn -0.7251 -0.4578 0.5145
vn -0.7542 -0.4305 0.4959
vn -0.7821 -0.4340 0.4472
vn -0.8386 -0.3971 0.3729
vn -0.8537 -0.3315 0.4017
vn -0.8563 -0.3821 0.3476
vn -0.8646 -0.3505 0.3601
vn -0.7259 -0.3390 0.5984
vn -0.7364 -0.3223 0.5948
vn -0.6377 0.2124 0.7404
vn -0.4650 0.0455 0.8842
vn -0.5167 0.0984 0.8505
vn -0.0000 1.0000 -0.0000
vn -0.8766 -0.2989 0.3772
vn -0.9463 -0.2078 0.2476
vn -0.9466 -0.2236 0.2323
vn -0.8876 -0.3120 0.3390
vn -0.9382 -0.2802 0.2031
vn -0.8988 -0.3366 0.2809
vn -0.9292 -0.3259 0.1744
vn -0.8968 -0.3719 0.2395
vn -0.8898 -0.3971 0.2249
vn -0.8648 -0.4069 0.2941
vn -0.8620 -0.4057 0.3040
vn -0.7878 -0.3482 0.5080
vn -0.8253 -0.3305 0.4580
vn -0.8636 -0.3593 0.3537
vn -0.9766 -0.1713 0.1304
vn -0.9700 -0.2197 0.1041
vn -0.9836 -0.1658 0.0709
vn -0.9812 -0.1851 0.0538
vn -0.9489 -0.2947 0.1132
vn -0.5269 0.2455 0.8137
vn -0.5217 0.2458 0.8170
vn -0.6863 0.2876 0.6680
vn -0.6503 0.3107 0.6933
vn -0.5406 0.3378 0.7705
vn -0.5938 0.3531 0.7230
vn -0.5693 0.3721 0.7331
vn -0.5435 0.3657 0.7556
vn -0.5844 0.3749 0.7197
vn -0.5679 0.3432 0.7482
vn -0.5968 0.3944 0.6988
vn -0.6381 0.3641 0.6784
vn -0.3029 0.9496 0.0800
vn -0.4523 0.8821 -0.1318
vn -0.5065 0.8559 -0.1044
vn -0.4845 0.8650 0.1307
vn -0.5550 0.8286 -0.0736
vn -0.5225 0.8409 0.1409
vn -0.9331 0.2845 0.2200
vn -0.9519 0.2872 0.1072
vn -0.9787 0.1302 0.1587
vn -0.9682 0.1239 0.2174
vn -0.9864 0.0482 0.1574
vn -0.9749 0.0962 0.2009
vn -0.9418 0.2021 0.2685
vn -0.8943 0.2718 0.3554
vn -0.9000 0.2821 0.3323
vn -0.9401 0.1722 0.2942
vn -0.9112 0.2233 0.3462
vn -0.9515 0.2298 0.2045
vn -0.9490 0.1954 0.2474
vn -0.5602 0.7793 -0.2808
vn -0.5013 0.8061 -0.3144
vn -0.4918 0.7700 -0.4066
vn -0.5486 0.7522 -0.3651
vn -0.4873 0.7207 -0.4930
vn -0.5516 0.6994 -0.4545
vn -0.5757 0.3318 -0.7473
vn -0.5081 0.3324 -0.7946
vn -0.4986 0.2561 -0.8281
vn -0.5556 0.2582 -0.7904
vn -0.4564 0.1525 -0.8766
vn -0.5037 0.1434 -0.8519
vn -0.4426 0.2559 -0.8594
vn -0.5511 0.1379 -0.8230
vn -0.5226 0.0454 -0.8514
vn -0.5659 0.0257 -0.8241
vn -0.5897 -0.0321 -0.8070
vn -0.5332 -0.0057 -0.8460
vn -0.5259 -0.0050 -0.8505
vn -0.6035 -0.0421 -0.7962
vn -0.4739 0.0713 -0.8777
vn -0.4700 0.0228 -0.8824
vn -0.5090 -0.5757 -0.6399
vn -0.4429 -0.5786 -0.6849
vn -0.4220 -0.6473 -0.6348
vn -0.4703 -0.6311 -0.6169
vn -0.3890 -0.7118 -0.5848
vn -0.4110 -0.7045 -0.5786
vn -0.3782 -0.6357 -0.6730
vn -0.3841 -0.5780 -0.7200
vn -0.3646 -0.7194 -0.5912
vn -0.2037 0.9632 0.1753
vn -0.4653 0.8274 0.3146
vn -0.5232 0.8005 0.2923
vn -0.5207 0.7485 0.4107
vn -0.3992 0.7868 0.4707
vn -0.9568 0.2907 -0.0088
vn -0.9270 0.3703 -0.0591
vn -0.9165 0.3603 -0.1739
vn -0.9415 0.2977 -0.1582
vn -0.4373 0.3310 -0.8362
vn -0.5120 0.3462 -0.7862
vn -0.4328 0.3421 -0.8341
vn -0.9686 0.1530 -0.1960
vn -0.9989 0.0468 -0.0000
vn -0.9999 0.0104 -0.0000
vn -0.9701 0.1087 -0.2171
vn -0.7174 -0.6432 -0.2674
vn -0.6954 -0.6710 -0.2571
vn -0.7165 -0.6611 -0.2224
vn -0.7405 -0.6346 -0.2211
vn -0.7875 -0.6126 -0.0674
vn -0.7885 -0.6115 -0.0668
vn -0.8765 -0.4813 -0.0075
vn -0.8393 -0.4942 -0.2264
vn -0.8219 -0.4510 -0.3480
vn -0.9462 0.0451 -0.3204
vn -0.9998 -0.0189 -0.0000
vn -0.9922 0.0282 0.1213
vn -0.9860 0.1479 0.0769
vn -0.9822 0.1636 -0.0919
vn -0.9977 0.0511 -0.0442
vn -0.0000 -0.0480 0.9988
vn -0.0000 -0.0842 0.9965
vn -0.0000 -0.0518 0.9987
vn -0.9172 0.3922 0.0702
vn -0.9880 0.0826 0.1306
vn -0.9729 -0.0993 0.2086
vn -0.9961 -0.0645 0.0593
vn -0.9397 0.0786 -0.3328
vn -0.9393 -0.0336 -0.3414
vn -0.9283 0.1906 -0.3193
vn -0.9098 0.2746 -0.3113
vn -0.4703 0.7023 -0.5344
vn -0.5579 0.6677 -0.4929
vn -0.8599 -0.2152 -0.4629
vn -0.9271 -0.2307 -0.2953
vn -0.8520 -0.0527 -0.5209
vn -0.4620 0.0239 -0.8866
vn -0.9708 -0.2275 0.0763
vn -0.9030 0.2795 0.3262
vn -0.8502 0.4101 0.3302
vn -0.8776 0.4273 0.2172
vn -0.9013 0.2049 0.3817
vn -0.8361 0.3782 0.3974
vn -0.9511 0.1245 0.2828
vn -0.9396 0.1551 0.3050
vn -0.9712 0.1677 0.1690
vn -0.9481 0.1972 0.2493
vn -0.8970 0.3438 0.2779
vn -0.9319 0.2992 0.2051
vn -0.9540 0.2675 0.1352
vn -0.0806 0.1656 0.9829
vn -0.1969 0.2007 0.9597
vn -0.2220 0.2080 0.9526
vn -0.6097 0.3417 0.7152
vn -0.5946 0.3415 0.7279
vn -0.6084 0.3416 0.7163
vn -0.6303 0.3523 0.6918
vn -0.6263 0.3430 0.7001
vn -0.2251 -0.4196 0.8793
vn -0.3790 -0.3807 0.8435
vn -0.3494 -0.5765 0.7386
vn -0.2286 -0.4848 0.8442
vn -0.4645 -0.5481 0.6956
vn -0.4079 -0.6148 0.6750
vn -0.3681 -0.6311 0.6828
vn -0.4083 -0.6005 0.6875
vn -0.4882 -0.3552 0.7972
vn -0.4230 -0.4222 0.8018
vn -0.4323 -0.6192 0.6556
vn -0.4019 -0.5833 0.7059
vn -0.5422 -0.4718 0.6953
vn -0.5140 -0.4955 0.7002
vn -0.6319 0.3561 0.6884
vn -0.3561 -0.6357 0.6849
vn -0.2255 -0.9242 0.3083
vn -0.1949 -0.9423 0.2721
vn -0.2864 -0.8795 0.3802
vn -0.3363 -0.7566 0.5607
vn -0.2736 -0.7794 0.5637
vn -0.3298 -0.8217 0.4648
vn -0.2309 -0.7750 0.5883
vn 0.0348 0.3217 0.9462
vn -0.0000 0.3440 0.9390
vn 0.0548 0.3217 0.9453
vn -0.0042 0.8393 0.5436
vn -0.0000 0.8385 0.5449
vn -0.0000 0.9246 0.3808
vn 0.0027 0.9311 0.3647
vn -0.0155 0.9939 0.1093
vn -0.0000 0.9934 0.1146
vn -0.0000 0.9987 0.0514
vn -0.0479 0.9967 -0.0663
vn -1.0000 -0.0000 -0.0000
vn -0.9244 -0.3476 0.1570
vn -0.7402 -0.3242 -0.5891
vn -0.6183 -0.6582 -0.4295
vn -0.7687 -0.6178 -0.1657
vn -0.7555 -0.3996 -0.5191
vn -0.7364 -0.2491 -0.6290
vn -0.7903 -0.2510 -0.5589
vn -0.8190 -0.5727 0.0340
vn -0.2073 -0.3366 0.9186
vn -0.1219 -0.3598 0.9250
vn -0.3237 -0.2688 0.9072
vn -0.3674 -0.2711 0.8897
vn -0.2576 -0.0708 -0.9636
vn -0.2619 -0.0584 -0.9633
vn -0.0000 -0.0599 -0.9982
vn -0.2495 -0.0554 -0.9668
vn -0.7724 -0.4754 0.4212
vn -0.7581 -0.5826 0.2929
vn -0.4964 -0.2353 0.8356
vn -0.4176 -0.2990 0.8580
vn -0.4320 -0.3300 0.8393
vn -0.5228 -0.2384 0.8184
vn -0.4944 -0.2181 0.8414
vn -0.4060 -0.2745 0.8717
vn -0.5356 -0.2415 0.8092
vn -0.5309 -0.2076 0.8216
vn -0.5306 -0.2081 0.8217
vn -0.1865 -0.9410 0.2823
vn -0.0000 -0.9553 0.2956
vn -0.1855 -0.9413 0.2821
vn -0.1537 -0.4954 0.8550
vn -0.0000 -0.4983 0.8670
vn -0.1561 -0.4950 0.8547
vn -0.1859 0.5193 0.8342
vn -0.0000 0.5118 0.8591
vn -0.0000 0.5704 0.8214
vn -0.2233 0.5671 0.7928
vn -0.2522 0.6020 0.7576
vn -0.0000 0.6233 0.7820
vn -0.0000 0.5841 0.8117
vn -0.2598 0.5609 0.7860
vn -0.0000 0.5214 0.8533
vn -0.1631 0.4798 0.8621
vn -0.0797 0.4473 0.8909
vn -0.0000 0.5032 0.8642
vn -0.8172 -0.5763 0.0064
vn -0.6601 -0.7318 0.1694
vn -0.7072 -0.6267 0.3272
vn -0.7718 -0.6217 0.1336
vn -0.3855 -0.8866 0.2558
vn -0.4899 -0.7869 0.3751
vn -0.1040 -0.5015 0.8589
vn -0.7419 -0.4697 0.4784
vn -0.8823 -0.4231 -0.2064
vn -0.8795 -0.3697 -0.2996
vn -0.9154 0.2136 0.3411
vn -0.8611 0.3019 0.4091
vn -0.9673 0.1977 0.1586
vn -0.9618 0.1438 0.2330
vn -0.9805 0.0697 0.1838
vn -0.2329 0.5593 0.7956
vn -0.2975 0.5931 0.7482
vn -0.9630 0.0623 0.2621
vn -0.9583 0.1537 0.2411
vn -0.8407 0.3800 0.3858
vn -0.8623 0.2945 0.4118
vn -0.6967 0.5093 0.5052
vn -0.7121 0.4501 0.5387
vn -0.9094 0.0548 0.4124
vn -0.8745 0.3124 0.3711
vn -0.9765 0.0231 0.2141
vn -0.9616 -0.0958 0.2571
vn -0.7787 -0.2283 0.5844
vn -0.7595 -0.2512 0.6000
vn -0.9212 -0.3847 0.0584
vn -0.9610 -0.1479 0.2336
vn -0.9995 0.0034 0.0310
vn -0.9704 -0.1286 0.2045
vn -0.9160 -0.2261 0.3315
vn 0.3068 -0.1481 -0.9402
vn 0.5543 -0.1675 -0.8153
vn 0.4282 -0.0665 -0.9013
vn 0.2605 -0.1104 -0.9591
vn -0.6631 -0.2441 -0.7076
vn -0.7192 -0.2728 -0.6390
vn -0.7938 -0.2814 -0.5391
vn -0.5528 -0.7845 -0.2808
vn -0.1097 0.9796 0.1687
vn -0.0652 0.9976 -0.0218
vn -0.0975 0.9885 0.1155
vn -0.3935 0.7851 -0.4782
vn -0.4658 0.1601 -0.8703
vn -0.4547 -0.0006 -0.8907
vn -0.4577 0.0297 -0.8886
vn -0.4377 -0.1262 -0.8902
vn 0.7361 0.6187 -0.2744
vn 0.5824 0.5008 -0.6404
vn 0.5237 0.2023 -0.8275
vn 0.5420 0.5718 -0.6158
vn 0.6139 0.2699 -0.7418
vn 0.6469 -0.1012 -0.7559
vn 0.5114 0.0041 -0.8593
vn 0.7762 0.5960 -0.2057
vn -0.6931 -0.7206 0.0208
vn 0.0146 0.9965 -0.0819
vn 0.0400 0.9981 -0.0465
vn 0.0304 0.9977 -0.0599
vn -0.8683 0.0824 0.4891
vn -0.7632 -0.0237 0.6457
vn -0.8690 0.0517 0.4922
vn -0.8707 0.0510 0.4892
vn -0.8767 0.0648 0.4766
vn -0.8750 0.0638 0.4799
vn -0.8577 0.0810 0.5078
vn -0.7467 0.1619 0.6451
vn -0.8911 0.0040 0.4537
vn -0.8277 0.0862 0.5545
vn -0.8014 0.0919 0.5910
vn -0.7003 0.1841 0.6897
vn -0.9127 -0.0814 0.4004
vn -0.8441 -0.0280 0.5354
vn -0.3804 -0.6827 -0.6239
vn -0.3445 -0.7605 -0.5504
vn -0.3547 -0.7403 -0.5711
vn -0.2308 -0.9257 -0.2998
vn -0.2473 -0.9087 -0.3363
vn -0.1435 -0.9833 -0.1121
vn 0.2975 -0.7951 0.5286
vn -0.8556 -0.2857 0.4316
vn -0.8593 -0.2810 0.4274
vn -0.9131 -0.1485 0.3798
vn -0.9098 -0.1734 0.3770
vn -0.4711 0.5289 0.7059
vn -0.4432 0.5872 0.6774
vn -0.4285 0.5454 0.7203
vn -0.6772 0.1317 0.7239
vn -0.6922 0.2163 0.6885
vn -0.8198 0.0173 0.5724
vn -0.8172 0.1781 0.5482
vn -0.8066 -0.4570 0.3749
vn -0.7632 -0.4715 0.4419
vn -0.9331 -0.0795 0.3506
vn -0.9385 -0.3230 0.1218
vn -0.6712 0.3048 0.6757
vn -0.5928 -0.0441 0.8041
vn -0.6787 -0.4392 0.5886
vn -0.6754 -0.1255 0.7267
vn -0.9637 -0.1284 0.2340
vn -0.9786 -0.1954 -0.0638
vn -0.9243 0.0656 0.3759
vn -0.9393 0.0715 0.3354
vn -0.7438 -0.0397 0.6673
vn -0.7958 0.5271 0.2981
vn -0.6134 0.5353 0.5807
vn -0.7161 0.5388 0.4437
vn -0.5658 0.6533 0.5030
vn -0.6844 0.7191 0.1204
vn -0.5306 0.7849 0.3200
vn -0.6734 0.0546 0.7373
vn -0.8218 0.1459 0.5508
vn -0.9270 0.0298 0.3739
vn -0.9546 0.0428 0.2949
vn -0.7819 -0.3252 0.5319
vn -0.7072 -0.1771 0.6845
vn -0.6936 -0.2073 0.6898
vn -0.7014 0.1834 0.6888
vn -0.7288 0.2171 0.6494
vn -0.5206 -0.8001 0.2979
vn -0.9770 -0.2063 0.0543
vn -0.9457 -0.2818 0.1623
vn -0.9524 -0.1286 0.2763
vn -0.1659 -0.0347 -0.9855
vn -0.2191 0.0114 -0.9756
vn -0.2214 0.0167 -0.9750
vn -0.2053 0.0920 -0.9744
vn -0.2054 0.0862 -0.9749
vn -0.2162 0.1413 -0.9661
vn -0.2162 0.1382 -0.9665
vn -0.0000 0.1484 -0.9889
vn -0.0000 0.0460 -0.9989
vn -0.2244 0.0467 -0.9734
vn 0.4695 0.2891 0.8342
vn -0.5452 -0.0614 -0.8361
vn -0.5482 -0.0394 -0.8354
vn -0.4945 -0.0517 -0.8677
vn -0.4470 -0.0677 -0.8920
vn -0.5779 -0.0052 -0.8161
vn -0.5773 -0.0241 -0.8162
vn -0.6147 0.0537 -0.7869
vn -0.6284 0.0409 -0.7768
vn -0.6196 0.1384 -0.7726
vn -0.6491 0.1333 -0.7489
vn -0.6152 0.0085 -0.7883
vn -0.6589 0.0115 -0.7521
vn -0.6001 -0.0248 -0.7996
vn -0.5780 0.0149 -0.8159
vn -0.6003 0.0646 -0.7972
vn -0.5880 0.1391 -0.7968
vn -0.5768 0.0122 -0.8168
vn -0.9922 -0.0252 -0.1221
vn -0.9930 -0.0616 -0.1006
vn -0.9908 -0.0963 0.0955
vn -0.9980 -0.0497 0.0399
vn -0.9659 -0.0056 -0.2587
vn -0.9706 -0.0433 -0.2368
vn -0.9941 -0.0714 -0.0817
vn -0.9857 -0.0945 0.1396
vn -0.9755 -0.0559 -0.2127
vn -0.9981 -0.0209 -0.0573
vn -0.9835 -0.0434 0.1754
vn -0.9797 -0.0032 -0.2004
vn -0.9998 0.0133 -0.0132
vn -0.9814 -0.0223 0.1906
vn -0.9881 0.0422 -0.1477
vn -0.9984 0.0276 0.0490
vn -0.9792 0.0027 0.2030
vn -0.9970 0.0543 -0.0556
vn -0.7043 0.0365 -0.7089
vn -0.6952 0.1213 -0.7085
vn -0.6264 0.1272 -0.7691
vn -0.7058 0.0299 -0.7078
vn -0.7376 -0.0428 -0.6739
vn -0.7386 -0.0441 -0.6727
vn -0.7985 -0.0496 -0.6000
vn -0.7981 -0.0498 -0.6005
vn -0.6820 0.0922 -0.7255
vn -0.6819 0.0925 -0.7256
vn -0.5381 -0.8397 -0.0736
vn -0.5938 -0.8032 -0.0488
vn -0.5605 -0.8281 -0.0068
vn -0.4470 -0.8931 -0.0505
vn -0.4452 -0.8953 0.0165
vn -0.2652 -0.9603 -0.0865
vn -0.3318 -0.9433 0.0074
vn -0.3067 -0.9505 -0.0504
vn -0.2301 -0.9726 0.0321
vn -0.1622 -0.9865 -0.0223
vn -0.5457 -0.8305 -0.1121
vn -0.6036 -0.7907 -0.1022
vn -0.5757 -0.8023 -0.1579
vn -0.5731 -0.7939 -0.2032
vn -0.4998 -0.7938 -0.3466
vn -0.2444 -0.0047 0.9697
vn -0.2055 -0.0141 0.9786
vn -0.2508 -0.0032 0.9680
vn -0.1380 -0.9859 0.0951
vn -0.0000 -0.9948 0.1016
vn -0.0000 -0.9986 0.0533
vn -0.1103 -0.9925 0.0533
vn -0.4545 -0.8766 -0.1579
vn -0.4159 -0.8941 -0.1663
vn -0.4705 -0.8824 -0.0085
vn -0.5393 -0.8400 -0.0601
vn -0.5731 -0.7621 -0.3014
vn -0.5463 -0.8015 -0.2431
vn -0.6048 -0.7883 -0.1132
vn -0.6114 -0.7684 -0.1889
vn -0.3720 -0.9267 -0.0535
vn -0.4066 -0.9121 0.0534
vn -0.6331 -0.7277 -0.2639
vn -0.5638 -0.7650 -0.3112
vn -0.5850 -0.7419 -0.3277
vn -0.5371 -0.7657 -0.3538
vn -0.2763 -0.9601 0.0426
vn -0.2534 -0.9630 0.0913
vn -0.1956 -0.6319 0.7500
vn -0.1916 -0.6281 0.7542
vn -0.0000 -0.6726 0.7400
vn -0.0642 -0.3902 0.9185
vn -0.0356 -0.3890 0.9206
vn -0.0139 -0.2512 0.9678
vn -0.1423 -0.2070 0.9679
vn -0.3372 -0.0403 0.9406
vn -0.6642 -0.7086 -0.2382
vn -0.5235 -0.8149 -0.2486
vn -0.3233 -0.0093 0.9463
vn -0.3875 -0.0442 0.9208
vn -0.5188 -0.0255 0.8545
vn -0.4810 -0.0029 0.8767
vn -0.6640 -0.0078 0.7477
vn -0.6636 0.0128 0.7480
vn -0.6828 -0.0088 0.7306
vn -0.7033 0.0207 0.7106
vn -0.8095 -0.0534 0.5847
vn -0.8257 -0.1341 0.5480
vn -0.8301 -0.1406 0.5396
vn -0.8095 -0.0533 0.5847
vn -0.8878 -0.1828 0.4223
vn -0.8877 -0.1828 0.4227
vn -0.9216 -0.0931 0.3769
vn -0.9179 -0.1363 0.3727
vn -0.9234 -0.0538 0.3801
vn -0.6265 -0.0045 0.7794
vn -0.4644 0.0029 0.8856
vn -0.6090 -0.0001 0.7932
vn -0.6125 0.0075 0.7904
vn -0.6495 -0.0220 0.7600
vn -0.6498 -0.0192 0.7599
vn -0.2627 0.0451 0.9638
vn -0.4905 -0.0235 0.8711
vn -0.5678 -0.0113 0.8231
vn -0.6024 -0.0053 0.7982
vn -0.5904 -0.0099 0.8071
vn -0.5772 0.0144 0.8164
vn -0.5675 0.0378 0.8225
vn -0.9822 -0.1012 0.1585
vn -0.1462 -0.9865 0.0733
vn -0.0928 -0.9956 -0.0113
vn -0.0563 -0.4472 0.8927
vn -0.0250 -0.4181 0.9081
vn -0.9477 0.1355 0.2890
vn -0.9598 0.1097 0.2582
vn -0.9106 0.1980 0.3629
vn -0.5442 0.2862 0.7886
vn -0.8905 0.3661 0.2702
vn -0.4976 -0.6400 0.5855
vn -0.5812 -0.5040 0.6388
vn -0.4814 -0.6621 0.5743
vn -0.3854 0.1123 0.9159
vn -0.0350 0.4434 0.8957
vn -0.0000 0.4394 0.8983
vn -0.0000 0.3388 0.9409
vn -0.0321 0.3439 0.9384
vn -0.9697 -0.1013 0.2224
vn -0.9645 -0.0500 0.2594
vn -0.9669 -0.0295 0.2533
vn -0.9715 0.0169 0.2366
vn 0.1673 -0.3913 0.9049
vn 0.1036 -0.3893 0.9153
vn 0.0477 -0.3863 0.9212
vn -0.0058 0.9848 0.1734
vn -0.0000 -0.0000 -1.0000
vn -0.1292 -0.0432 -0.9907
vn -0.9946 -0.0000 -0.1042
vn -0.9991 -0.0000 -0.0423
vn -0.9972 -0.0000 -0.0750
vn -0.9905 -0.0000 -0.1376
vn -0.0000 -0.8682 0.4961
vn -0.0000 -0.9666 0.2563
vn -0.0000 -0.9664 0.2571
vn 0.0526 -0.9986 0.0001
vn -0.0000 -1.0000 -0.0000
vn -0.5729 0.1024 -0.8132
vn -0.0000 0.0196 -0.9998
vn -0.0000 -0.0100 -1.0000
vn -0.0000 0.0210 -0.9998
vn -0.0000 0.0505 -0.9987
vn -0.0838 -0.7118 -0.6973
vn -0.0555 -0.7244 -0.6871
vn -0.0519 -0.6713 -0.7393
vn -0.0864 -0.6809 -0.7273
vn -0.4742 0.0397 0.8795
vn -0.3176 0.0355 0.9476
vn -0.9985 0.0530 -0.0160
vn -0.9962 0.0317 0.0812
vn -0.2280 -0.0681 -0.9713
vn -0.2279 -0.0673 -0.9713
vn -0.2244 0.0458 -0.9734
vn -0.9783 0.0300 0.2049
vn -0.9718 0.0492 0.2306
vn -0.5756 -0.1595 -0.8020
vn -0.6149 -0.1551 -0.7732
vn -0.6433 -0.1515 -0.7504
vn -0.6626 0.0315 -0.7483
vn -0.6976 0.0685 0.7132
vn -0.6573 0.0558 0.7516
vn -0.3510 -0.0853 0.9325
vn -0.3696 -0.0304 0.9287
vn -0.9298 -0.3614 -0.0693
vn -0.8669 -0.4726 -0.1587
vn -0.0000 -0.8622 0.5065
vn -0.1119 -0.8320 0.5434
vn -0.3438 0.2212 0.9126
vn -0.3553 0.2055 0.9119
vn -0.3426 0.2229 0.9127
vn -0.1479 -0.7563 0.6372
vn -0.5882 0.2654 0.7639
vn -0.1400 0.9417 0.3060
vn -0.9861 0.0315 0.1634
vn -0.4171 -0.7395 0.5283
vn 0.6055 0.2808 -0.7447
vn -0.4161 -0.8186 -0.3960
vn -0.8569 -0.2046 -0.4732
vn 0.7790 -0.1500 -0.6088
vn 0.7717 -0.1644 -0.6143
vn 0.8731 -0.0858 -0.4800
vn 0.8629 -0.0789 -0.4992
vn 0.9108 -0.1147 -0.3967
vn 0.0563 0.9981 -0.0237
vn 0.8000 0.5826 -0.1431
vn -0.7213 0.4425 0.5329
vn -0.0168 -0.1435 0.9895
vn -0.0173 -0.1437 0.9895
vn -0.0000 -0.1365 0.9906
vn -0.0000 -0.6992 -0.7149
vn -0.0098 0.9977 0.0674
vn -0.0349 0.4474 0.8936
vn -0.0431 0.3560 0.9335
vn -0.0593 0.9260 -0.3728
vn -0.0593 0.9253 -0.3746
vn -0.0614 0.8832 -0.4649
vn -0.0613 0.8847 -0.4621
vn -0.1430 0.2018 -0.9689
vn -0.1416 0.2046 -0.9685
vn -0.1561 0.0948 -0.9832
vn -0.1552 0.0873 -0.9840
vn -0.1453 0.0191 -0.9892
vn -0.1455 0.0193 -0.9892
vn -0.0477 -0.6117 -0.7897
vn -0.0820 0.3869 -0.9185
vn -0.0810 0.3895 -0.9175
vn -0.1017 0.3205 -0.9418
vn -0.1066 0.3020 -0.9473
vn -0.1438 0.0175 -0.9895
vn -0.0439 0.9886 -0.1439
vn -0.0726 0.8306 -0.5521
vn -0.0732 0.8284 -0.5553
vn -0.0247 0.8398 0.5423
vn -0.0118 0.2997 0.9540
vn 0.0087 0.2987 0.9543
vn -0.0659 0.3918 0.9177
vn -0.1745 0.4506 0.8755
vn -0.2823 0.5322 0.7981
vn -0.7892 0.4054 0.4613
vn -0.0000 -0.3493 0.9370
vn -0.2069 -0.2568 0.9441
vn -0.0000 -0.2625 0.9649
vn -0.0000 -0.4356 0.9002
vn -0.0000 0.1317 0.9913
vn -0.0645 -0.0874 0.9941
vn -0.0419 -0.1509 0.9877
vn -0.0000 0.0997 -0.9950
vn -0.0000 0.0073 -1.0000
vn -0.0000 -0.0708 -0.9975
vn -0.0000 -0.4005 0.9163
vn -0.0000 -0.3905 0.9206
vn -0.0000 -1.0000 -0.0095
vn -0.0000 -0.9973 0.0735
vn -0.0000 -0.3927 0.9197
vn -0.0000 -0.1943 0.9809
vn -0.1640 -0.6009 0.7823
vn -0.2914 0.0068 0.9566
vn -0.0000 -0.4114 0.9114
vn -0.0000 0.3992 0.9169
vn -0.8211 -0.0087 0.5707
vn -0.9807 0.0783 0.1793
vn -0.9554 -0.1110 0.2736
vn -0.7747 0.2469 0.5821
vn -0.8347 -0.2314 -0.4996
vn -0.9811 0.0553 0.1852
vn -0.6817 0.5369 0.4971
vn -0.7270 -0.4651 0.5051
vn -0.1920 0.5371 0.8214
vn -0.0064 0.2811 0.9596
vn -0.0414 0.2713 0.9616
vn -0.0761 0.4014 -0.9127
vn -0.0000 0.2912 0.9567
vn -0.9058 0.3150 -0.2832
vn -0.9591 0.1805 -0.2182
vn -0.9996 0.0287 -0.0000
vn -0.5887 0.3473 -0.7300
vn -0.5339 0.2580 0.8052
vn -0.6170 0.3119 0.7225
vn -0.7759 0.3349 0.5347
vn -0.7012 0.3753 0.6062
vn -0.5254 0.3441 0.7782
vn -0.4971 0.3992 0.7704
vn -0.5239 0.3473 0.7778
vn -0.7935 0.3107 0.5233
vn -0.0829 0.7951 -0.6008
vn -0.8348 -0.0323 -0.5496
vn -0.0000 -0.0181 0.9998
vn -0.0000 -0.0186 0.9998
vn -0.0000 -0.0210 0.9998
vn -0.4402 0.1131 0.8907
vn -0.5476 -0.1625 0.8208
vn -0.3965 0.0540 0.9165
vn -0.9726 -0.1669 0.1620
vn -0.9823 -0.1701 0.0787
vn -0.5488 0.2940 0.7825
vn -0.5435 0.2990 0.7843
vn -0.4437 0.8276 -0.3438
vn -0.4357 0.7862 -0.4382
vn -0.4179 0.7393 -0.5280
vn -0.4079 0.7216 -0.5594
vn -0.6324 -0.0547 -0.7727
vn -0.3644 0.7946 0.4856
vn -0.0000 -0.0626 0.9980
vn -0.0000 -0.1240 0.9923
vn -0.0000 -0.0616 0.9981
vn -0.0000 -0.0000 1.0000
vn 0.2077 -0.7835 0.5856
vn 0.2180 -0.7917 0.5707
vn 0.2159 -0.7901 0.5737
vn 0.2261 -0.7980 0.5586
vn 0.1442 -0.6996 0.6998
vn 0.2836 -0.6753 0.6808
vn 0.2212 -0.6880 0.6911
vn 0.3566 -0.6565 0.6647
vn 0.4185 0.2858 0.8621
vn 0.4361 0.4343 0.7881
vn 0.4236 0.3209 0.8471
vn 0.3613 0.3761 0.8532
vn 0.4329 0.3836 0.8157
vn 0.4303 0.1961 0.8811
vn 0.3795 0.2097 0.9011
vn 0.5401 0.4313 0.7227
vn 0.5119 0.1909 0.8376
vn 0.6035 0.4541 0.6554
vn 0.6308 0.4183 0.6535
vn 0.4693 0.4289 0.7719
vn 0.6512 0.4552 0.6073
vn 0.2745 0.4038 0.8727
vn 0.4969 0.0958 0.8625
vn 0.5133 0.0606 0.8561
vn 0.5473 0.1182 0.8286
vn 0.5904 0.1522 0.7926
vn 0.6234 0.1910 0.7582
vn 0.6270 0.1902 0.7555
vn 0.6709 0.1913 0.7164
vn 0.6460 0.1473 0.7490
vn 0.5919 0.1486 0.7922
vn 0.5590 0.1503 0.8155
vn 0.4967 0.1522 0.8545
vn 0.8014 -0.2044 0.5622
vn 0.8033 -0.2349 0.5473
vn 0.8070 -0.2737 0.5233
vn 0.7865 -0.2780 0.5515
vn 0.8055 -0.2326 0.5451
vn 0.8364 -0.3270 0.4399
vn 0.7698 -0.2524 0.5862
vn 0.7976 -0.3703 0.4762
vn 0.7988 -0.2110 0.5634
vn 0.7424 -0.3435 0.5752
vn 0.6839 0.1446 0.7151
vn 0.6109 0.1537 0.7767
vn 0.5403 0.0808 0.8376
vn 0.5997 0.1570 0.7847
vn 0.0425 -0.0661 0.9969
vn 0.0510 0.0408 0.9979
vn 0.2375 -0.6946 0.6790
vn 0.2484 -0.7193 0.6488
vn 0.1894 -0.7094 0.6788
vn 0.0574 -0.7413 0.6687
vn 0.0001 -0.6391 0.7691
vn 0.8027 -0.2562 0.5386
vn 0.7746 -0.2705 0.5716
vn 0.1147 -0.6373 0.7620
vn 0.2663 -0.7041 0.6582
vn 0.1534 -0.7026 0.6948
vn 0.6619 0.2468 0.7078
vn 0.5398 0.1480 0.8287
vn 0.7957 -0.1851 0.5767
vn 0.7906 -0.2270 0.5687
vn 0.7010 0.1366 0.6999
vn 0.6668 0.1294 0.7339
vn 0.7490 -0.2750 0.6028
vn 0.0683 0.1370 0.9882
vn 0.0642 0.1457 0.9872
vn 0.0648 0.0508 0.9966
vn 0.2619 -0.7212 0.6413
vn 0.6143 0.1453 0.7756
vn 0.5990 0.1407 0.7883
vn 0.0370 0.3745 0.9265
vn 0.0361 0.3736 0.9269
vn 0.0116 0.3488 0.9371
vn 0.5716 0.2886 0.7681
vn 0.5843 0.2747 0.7636
vn 0.5304 0.3314 0.7803
vn 0.0134 -0.4141 0.9101
vn 0.0422 -0.4251 0.9041
vn 0.0290 -0.4042 0.9142
vn 0.7636 -0.3954 0.5104
vn 0.7251 -0.4578 0.5145
vn 0.7318 -0.3948 0.5555
vn 0.7498 -0.3556 0.5580
vn 0.7821 -0.4340 0.4472
vn 0.7542 -0.4305 0.4959
vn 0.8537 -0.3315 0.4017
vn 0.8386 -0.3971 0.3729
vn 0.8646 -0.3505 0.3601
vn 0.8563 -0.3821 0.3476
vn 0.7259 -0.3390 0.5984
vn 0.7364 -0.3223 0.5948
vn 0.6377 0.2124 0.7404
vn 0.4650 0.0455 0.8842
vn 0.5167 0.0984 0.8505
vn 0.8766 -0.2989 0.3772
vn 0.8876 -0.3120 0.3390
vn 0.9466 -0.2236 0.2323
vn 0.9463 -0.2078 0.2476
vn 0.8988 -0.3366 0.2809
vn 0.9382 -0.2802 0.2031
vn 0.8968 -0.3719 0.2395
vn 0.9292 -0.3259 0.1744
vn 0.8620 -0.4057 0.3040
vn 0.8648 -0.4069 0.2941
vn 0.8898 -0.3971 0.2249
vn 0.7878 -0.3482 0.5080
vn 0.8253 -0.3305 0.4580
vn 0.8636 -0.3593 0.3537
vn 0.9700 -0.2197 0.1041
vn 0.9766 -0.1713 0.1304
vn 0.9812 -0.1851 0.0538
vn 0.9836 -0.1658 0.0709
vn 0.9489 -0.2947 0.1132
vn 0.5269 0.2455 0.8137
vn 0.6503 0.3107 0.6933
vn 0.6863 0.2876 0.6680
vn 0.5217 0.2458 0.8169
vn 0.5406 0.3378 0.7705
vn 0.5435 0.3657 0.7556
vn 0.5693 0.3721 0.7331
vn 0.5938 0.3531 0.7230
vn 0.5844 0.3749 0.7197
vn 0.5968 0.3944 0.6988
vn 0.5679 0.3432 0.7482
vn 0.6381 0.3641 0.6784
vn 0.3029 0.9496 0.0800
vn 0.4845 0.8650 0.1307
vn 0.5065 0.8559 -0.1044
vn 0.4523 0.8821 -0.1318
vn 0.5225 0.8409 0.1409
vn 0.5550 0.8286 -0.0736
vn 0.9331 0.2845 0.2200
vn 0.9682 0.1239 0.2174
vn 0.9787 0.1302 0.1587
vn 0.9519 0.2872 0.1072
vn 0.9749 0.0962 0.2009
vn 0.9864 0.0482 0.1574
vn 0.9418 0.2021 0.2685
vn 0.9401 0.1722 0.2942
vn 0.9000 0.2821 0.3323
vn 0.8943 0.2718 0.3554
vn 0.9112 0.2233 0.3462
vn 0.9515 0.2298 0.2045
vn 0.9490 0.1954 0.2474
vn 0.5602 0.7793 -0.2808
vn 0.5486 0.7522 -0.3651
vn 0.4918 0.7700 -0.4066
vn 0.5013 0.8061 -0.3144
vn 0.4873 0.7207 -0.4930
vn 0.5516 0.6994 -0.4545
vn 0.5757 0.3318 -0.7473
vn 0.5556 0.2582 -0.7904
vn 0.4986 0.2561 -0.8281
vn 0.5081 0.3324 -0.7946
vn 0.4564 0.1525 -0.8766
vn 0.4426 0.2559 -0.8594
vn 0.5037 0.1434 -0.8519
vn 0.5511 0.1379 -0.8230
vn 0.5659 0.0257 -0.8241
vn 0.5226 0.0454 -0.8514
vn 0.5897 -0.0321 -0.8070
vn 0.6035 -0.0421 -0.7962
vn 0.5259 -0.0050 -0.8505
vn 0.5332 -0.0057 -0.8460
vn 0.4739 0.0713 -0.8777
vn 0.4700 0.0228 -0.8824
vn 0.5090 -0.5757 -0.6399
vn 0.4703 -0.6311 -0.6169
vn 0.4220 -0.6473 -0.6348
vn 0.4429 -0.5786 -0.6849
vn 0.4110 -0.7045 -0.5786
vn 0.3890 -0.7118 -0.5848
vn 0.3782 -0.6357 -0.6730
vn 0.3841 -0.5780 -0.7200
vn 0.3646 -0.7194 -0.5912
vn 0.2037 0.9632 0.1753
vn 0.4653 0.8274 0.3146
vn 0.5232 0.8005 0.2923
vn 0.3993 0.7868 0.4707
vn 0.5207 0.7485 0.4107
vn 0.9568 0.2907 -0.0088
vn 0.9415 0.2977 -0.1582
vn 0.9165 0.3603 -0.1739
vn 0.9270 0.3703 -0.0591
vn 0.4373 0.3310 -0.8362
vn 0.4328 0.3421 -0.8341
vn 0.5120 0.3462 -0.7862
vn 0.9686 0.1530 -0.1960
vn 0.9701 0.1087 -0.2171
vn 0.9999 0.0104 -0.0000
vn 0.9989 0.0468 -0.0000
vn 0.7174 -0.6432 -0.2674
vn 0.7405 -0.6346 -0.2211
vn 0.7165 -0.6611 -0.2224
vn 0.6954 -0.6710 -0.2571
vn 0.7885 -0.6115 -0.0668
vn 0.7875 -0.6126 -0.0674
vn 0.8765 -0.4813 -0.0075
vn 0.8393 -0.4942 -0.2264
vn 0.8219 -0.4510 -0.3480
vn 0.9462 0.0451 -0.3204
vn 0.9998 -0.0189 -0.0000
vn 0.9922 0.0282 0.1213
vn 0.9977 0.0511 -0.0442
vn 0.9822 0.1636 -0.0919
vn 0.9860 0.1479 0.0769
vn 0.9172 0.3922 0.0702
vn 0.9880 0.0826 0.1306
vn 0.9729 -0.0993 0.2086
vn 0.9961 -0.0645 0.0593
vn 0.9393 -0.0336 -0.3414
vn 0.9397 0.0786 -0.3328
vn 0.9283 0.1906 -0.3193
vn 0.9098 0.2746 -0.3113
vn 0.4703 0.7023 -0.5344
vn 0.5579 0.6677 -0.4929
vn 0.8599 -0.2152 -0.4629
vn 0.9271 -0.2307 -0.2953
vn 0.8520 -0.0527 -0.5209
vn 0.4620 0.0239 -0.8866
vn 0.9708 -0.2275 0.0763
vn 0.9030 0.2795 0.3262
vn 0.8776 0.4273 0.2172
vn 0.8502 0.4101 0.3302
vn 0.9013 0.2049 0.3817
vn 0.8361 0.3782 0.3974
vn 0.9511 0.1245 0.2828
vn 0.9396 0.1551 0.3050
vn 0.9712 0.1677 0.1690
vn 0.9481 0.1972 0.2493
vn 0.8970 0.3438 0.2779
vn 0.9319 0.2992 0.2051
vn 0.9540 0.2675 0.1352
vn 0.0806 0.1656 0.9829
vn 0.2220 0.2080 0.9526
vn 0.1969 0.2007 0.9597
vn 0.6097 0.3417 0.7152
vn 0.6084 0.3416 0.7163
vn 0.5946 0.3415 0.7279
vn 0.6303 0.3523 0.6918
vn 0.6263 0.3430 0.7001
vn 0.2251 -0.4196 0.8793
vn 0.2286 -0.4848 0.8442
vn 0.3494 -0.5765 0.7386
vn 0.3790 -0.3807 0.8435
vn 0.4645 -0.5481 0.6956
vn 0.4083 -0.6005 0.6875
vn 0.3681 -0.6311 0.6828
vn 0.4079 -0.6148 0.6750
vn 0.4882 -0.3552 0.7972
vn 0.4019 -0.5833 0.7059
vn 0.4323 -0.6192 0.6556
vn 0.4230 -0.4222 0.8018
vn 0.5140 -0.4955 0.7002
vn 0.5422 -0.4718 0.6953
vn 0.6319 0.3561 0.6884
vn 0.3561 -0.6357 0.6849
vn 0.2255 -0.9242 0.3083
vn 0.2864 -0.8795 0.3801
vn 0.1949 -0.9423 0.2721
vn 0.2736 -0.7794 0.5637
vn 0.3363 -0.7566 0.5607
vn 0.3298 -0.8217 0.4648
vn 0.2309 -0.7750 0.5883
vn -0.0348 0.3217 0.9462
vn -0.0548 0.3217 0.9453
vn 0.0042 0.8393 0.5436
vn -0.0027 0.9311 0.3647
vn 0.0155 0.9939 0.1093
vn 0.0479 0.9967 -0.0663
vn 0.9244 -0.3476 0.1570
vn 0.7402 -0.3242 -0.5891
vn 0.7555 -0.3996 -0.5191
vn 0.7687 -0.6178 -0.1657
vn 0.6183 -0.6582 -0.4295
vn 0.7364 -0.2491 -0.6290
vn 0.7903 -0.2510 -0.5589
vn 0.8190 -0.5727 0.0340
vn 0.2073 -0.3366 0.9186
vn 0.3674 -0.2711 0.8897
vn 0.3237 -0.2688 0.9072
vn 0.1219 -0.3598 0.9250
vn 0.2576 -0.0708 -0.9636
vn 0.2495 -0.0554 -0.9668
vn 0.2619 -0.0584 -0.9633
vn 0.7724 -0.4754 0.4212
vn 0.7581 -0.5826 0.2929
vn 0.4964 -0.2353 0.8356
vn 0.5228 -0.2384 0.8184
vn 0.4320 -0.3300 0.8393
vn 0.4176 -0.2990 0.8580
vn 0.4944 -0.2181 0.8414
vn 0.4060 -0.2745 0.8717
vn 0.5356 -0.2415 0.8092
vn 0.5306 -0.2081 0.8217
vn 0.5309 -0.2076 0.8216
vn 0.1865 -0.9410 0.2823
vn 0.1855 -0.9413 0.2821
vn 0.1537 -0.4954 0.8550
vn 0.1561 -0.4950 0.8547
vn 0.1859 0.5193 0.8342
vn 0.2233 0.5671 0.7928
vn 0.2522 0.6020 0.7576
vn 0.2598 0.5609 0.7860
vn 0.1631 0.4798 0.8621
vn 0.0797 0.4473 0.8909
vn 0.8172 -0.5763 0.0064
vn 0.7718 -0.6217 0.1336
vn 0.7072 -0.6267 0.3272
vn 0.6601 -0.7318 0.1694
vn 0.4899 -0.7869 0.3751
vn 0.3854 -0.8866 0.2558
vn 0.1040 -0.5015 0.8589
vn 0.7419 -0.4697 0.4784
vn 0.8823 -0.4231 -0.2064
vn 0.8795 -0.3697 -0.2996
vn 0.9154 0.2136 0.3411
vn 0.9618 0.1438 0.2330
vn 0.9673 0.1977 0.1586
vn 0.8611 0.3019 0.4091
vn 0.9805 0.0697 0.1838
vn 0.2329 0.5593 0.7956
vn 0.2975 0.5931 0.7482
vn 0.9630 0.0623 0.2621
vn 0.8623 0.2945 0.4118
vn 0.8407 0.3800 0.3858
vn 0.9583 0.1537 0.2411
vn 0.7121 0.4501 0.5387
vn 0.6967 0.5093 0.5052
vn 0.9094 0.0548 0.4124
vn 0.9616 -0.0958 0.2571
vn 0.9765 0.0231 0.2141
vn 0.8745 0.3124 0.3711
vn 0.7787 -0.2283 0.5844
vn 0.7595 -0.2512 0.6000
vn 0.9610 -0.1479 0.2336
vn 0.9212 -0.3847 0.0584
vn 0.9704 -0.1286 0.2045
vn 0.9995 0.0034 0.0310
vn 0.9160 -0.2261 0.3315
vn -0.3068 -0.1481 -0.9402
vn -0.2605 -0.1104 -0.9591
vn -0.4282 -0.0665 -0.9013
vn -0.5543 -0.1675 -0.8153
vn 0.6631 -0.2441 -0.7076
vn 0.7192 -0.2728 -0.6390
vn 0.7938 -0.2814 -0.5391
vn 0.5528 -0.7845 -0.2808
vn 0.1097 0.9796 0.1687
vn 0.0975 0.9885 0.1155
vn 0.0652 0.9976 -0.0218
vn 0.3935 0.7851 -0.4782
vn 0.4658 0.1601 -0.8703
vn 0.4577 0.0297 -0.8886
vn 0.4547 -0.0006 -0.8907
vn 0.4377 -0.1262 -0.8902
vn -0.7361 0.6187 -0.2744
vn -0.5420 0.5718 -0.6158
vn -0.5237 0.2023 -0.8275
vn -0.5824 0.5008 -0.6404
vn -0.6139 0.2699 -0.7418
vn -0.5114 0.0041 -0.8593
vn -0.6469 -0.1012 -0.7559
vn -0.7762 0.5960 -0.2057
vn 0.6931 -0.7206 0.0208
vn -0.0146 0.9965 -0.0819
vn -0.0304 0.9977 -0.0599
vn -0.0400 0.9981 -0.0465
vn 0.8683 0.0824 0.4891
vn 0.8707 0.0510 0.4892
vn 0.8690 0.0517 0.4922
vn 0.7632 -0.0237 0.6457
vn 0.8767 0.0648 0.4766
vn 0.7467 0.1619 0.6451
vn 0.8577 0.0810 0.5078
vn 0.8750 0.0638 0.4799
vn 0.8911 0.0040 0.4537
vn 0.8277 0.0862 0.5545
vn 0.7003 0.1841 0.6897
vn 0.8014 0.0919 0.5910
vn 0.9127 -0.0814 0.4004
vn 0.8441 -0.0280 0.5354
vn 0.3804 -0.6827 -0.6239
vn 0.3547 -0.7403 -0.5711
vn 0.3445 -0.7605 -0.5504
vn 0.2473 -0.9087 -0.3363
vn 0.2308 -0.9257 -0.2998
vn 0.1435 -0.9833 -0.1121
vn -0.2975 -0.7951 0.5286
vn 0.8556 -0.2857 0.4316
vn 0.9098 -0.1734 0.3770
vn 0.9131 -0.1485 0.3798
vn 0.8593 -0.2810 0.4274
vn 0.4711 0.5289 0.7059
vn 0.4285 0.5454 0.7203
vn 0.4432 0.5872 0.6774
vn 0.6922 0.2163 0.6885
vn 0.6772 0.1317 0.7239
vn 0.8198 0.0173 0.5724
vn 0.8172 0.1781 0.5482
vn 0.8066 -0.4570 0.3749
vn 0.9385 -0.3230 0.1218
vn 0.9331 -0.0795 0.3506
vn 0.7632 -0.4715 0.4419
vn 0.6712 0.3048 0.6757
vn 0.5928 -0.0441 0.8041
vn 0.6754 -0.1255 0.7267
vn 0.6787 -0.4392 0.5886
vn 0.9786 -0.1954 -0.0638
vn 0.9637 -0.1284 0.2340
vn 0.9243 0.0656 0.3759
vn 0.7438 -0.0397 0.6673
vn 0.9393 0.0715 0.3354
vn 0.7958 0.5271 0.2981
vn 0.7161 0.5388 0.4437
vn 0.6134 0.5353 0.5807
vn 0.5658 0.6533 0.5030
vn 0.6844 0.7191 0.1204
vn 0.5306 0.7849 0.3200
vn 0.6734 0.0546 0.7373
vn 0.9270 0.0298 0.3739
vn 0.8218 0.1459 0.5508
vn 0.9546 0.0428 0.2949
vn 0.7819 -0.3252 0.5319
vn 0.7072 -0.1771 0.6845
vn 0.6936 -0.2073 0.6898
vn 0.7014 0.1834 0.6888
vn 0.7288 0.2171 0.6494
vn 0.5206 -0.8001 0.2979
vn 0.9524 -0.1286 0.2763
vn 0.9457 -0.2818 0.1623
vn 0.9770 -0.2063 0.0543
vn 0.1659 -0.0347 -0.9855
vn 0.2214 0.0167 -0.9750
vn 0.2191 0.0114 -0.9756
vn 0.2054 0.0862 -0.9749
vn 0.2053 0.0920 -0.9744
vn 0.2162 0.1382 -0.9665
vn 0.2162 0.1413 -0.9661
vn 0.2244 0.0467 -0.9734
vn -0.4695 0.2891 0.8342
vn 0.5452 -0.0614 -0.8361
vn 0.4470 -0.0677 -0.8920
vn 0.4945 -0.0517 -0.8677
vn 0.5482 -0.0394 -0.8354
vn 0.5773 -0.0241 -0.8162
vn 0.5779 -0.0052 -0.8161
vn 0.6284 0.0409 -0.7768
vn 0.6147 0.0537 -0.7869
vn 0.6491 0.1333 -0.7489
vn 0.6196 0.1384 -0.7726
vn 0.6589 0.0115 -0.7521
vn 0.6152 0.0085 -0.7883
vn 0.6001 -0.0248 -0.7996
vn 0.5780 0.0149 -0.8159
vn 0.6003 0.0646 -0.7972
vn 0.5880 0.1391 -0.7968
vn 0.5768 0.0122 -0.8168
vn 0.9922 -0.0252 -0.1221
vn 0.9980 -0.0497 0.0399
vn 0.9908 -0.0963 0.0955
vn 0.9930 -0.0616 -0.1006
vn 0.9659 -0.0056 -0.2587
vn 0.9706 -0.0433 -0.2368
vn 0.9857 -0.0945 0.1396
vn 0.9941 -0.0714 -0.0817
vn 0.9755 -0.0559 -0.2127
vn 0.9835 -0.0434 0.1754
vn 0.9981 -0.0209 -0.0573
vn 0.9797 -0.0032 -0.2004
vn 0.9814 -0.0223 0.1906
vn 0.9998 0.0133 -0.0132
vn 0.9881 0.0422 -0.1477
vn 0.9792 0.0027 0.2030
vn 0.9984 0.0276 0.0490
vn 0.9970 0.0543 -0.0556
vn 0.7043 0.0365 -0.7089
vn 0.7058 0.0299 -0.7078
vn 0.6264 0.1272 -0.7691
vn 0.6952 0.1213 -0.7085
vn 0.7376 -0.0428 -0.6739
vn 0.7386 -0.0441 -0.6727
vn 0.7985 -0.0496 -0.6000
vn 0.7981 -0.0498 -0.6005
vn 0.6819 0.0925 -0.7256
vn 0.6820 0.0922 -0.7255
vn 0.5381 -0.8397 -0.0736
vn 0.4470 -0.8931 -0.0505
vn 0.5605 -0.8281 -0.0068
vn 0.5938 -0.8032 -0.0488
vn 0.2652 -0.9603 -0.0865
vn 0.4452 -0.8953 0.0165
vn 0.3067 -0.9505 -0.0504
vn 0.3318 -0.9433 0.0074
vn 0.1622 -0.9865 -0.0223
vn 0.2301 -0.9726 0.0321
vn 0.5457 -0.8305 -0.1121
vn 0.6036 -0.7907 -0.1022
vn 0.5757 -0.8023 -0.1579
vn 0.5731 -0.7939 -0.2032
vn 0.4998 -0.7938 -0.3466
vn 0.2444 -0.0047 0.9697
vn 0.2508 -0.0032 0.9680
vn 0.2055 -0.0141 0.9786
vn 0.1380 -0.9859 0.0951
vn 0.1103 -0.9925 0.0533
vn 0.4545 -0.8766 -0.1579
vn 0.5393 -0.8400 -0.0601
vn 0.4705 -0.8824 -0.0085
vn 0.4159 -0.8941 -0.1663
vn 0.5731 -0.7621 -0.3014
vn 0.6114 -0.7684 -0.1889
vn 0.6048 -0.7883 -0.1132
vn 0.5463 -0.8015 -0.2431
vn 0.4066 -0.9121 0.0534
vn 0.3720 -0.9267 -0.0535
vn 0.6331 -0.7277 -0.2639
vn 0.5638 -0.7650 -0.3112
vn 0.5850 -0.7419 -0.3277
vn 0.5371 -0.7657 -0.3538
vn 0.2534 -0.9630 0.0913
vn 0.2763 -0.9601 0.0426
vn 0.1956 -0.6319 0.7500
vn 0.1917 -0.6281 0.7542
vn 0.0642 -0.3902 0.9185
vn 0.1423 -0.2070 0.9679
vn 0.0139 -0.2512 0.9678
vn 0.0356 -0.3890 0.9206
vn 0.3372 -0.0403 0.9406
vn 0.6642 -0.7086 -0.2382
vn 0.5235 -0.8149 -0.2486
vn 0.3233 -0.0093 0.9463
vn 0.4810 -0.0029 0.8767
vn 0.5188 -0.0255 0.8545
vn 0.3875 -0.0442 0.9208
vn 0.6636 0.0128 0.7480
vn 0.6640 -0.0078 0.7477
vn 0.7033 0.0207 0.7106
vn 0.6828 -0.0088 0.7306
vn 0.8095 -0.0534 0.5847
vn 0.8095 -0.0533 0.5847
vn 0.8301 -0.1406 0.5396
vn 0.8257 -0.1341 0.5480
vn 0.8878 -0.1828 0.4223
vn 0.8877 -0.1828 0.4227
vn 0.9216 -0.0931 0.3769
vn 0.9179 -0.1363 0.3727
vn 0.9234 -0.0538 0.3801
vn 0.6265 -0.0045 0.7794
vn 0.6125 0.0075 0.7904
vn 0.6090 -0.0001 0.7932
vn 0.4644 0.0029 0.8856
vn 0.6498 -0.0192 0.7599
vn 0.6495 -0.0220 0.7600
vn 0.2627 0.0451 0.9638
vn 0.4905 -0.0235 0.8711
vn 0.5904 -0.0099 0.8071
vn 0.6024 -0.0053 0.7982
vn 0.5678 -0.0113 0.8231
vn 0.5675 0.0378 0.8225
vn 0.5772 0.0144 0.8164
vn 0.9822 -0.1012 0.1585
vn 0.1462 -0.9865 0.0733
vn 0.0928 -0.9956 -0.0113
vn 0.0250 -0.4181 0.9081
vn 0.0563 -0.4472 0.8927
vn 0.9477 0.1355 0.2890
vn 0.9106 0.1980 0.3629
vn 0.9598 0.1097 0.2582
vn 0.5442 0.2862 0.7886
vn 0.8905 0.3661 0.2702
vn 0.4976 -0.6400 0.5855
vn 0.4814 -0.6621 0.5743
vn 0.5812 -0.5040 0.6388
vn 0.3854 0.1123 0.9159
vn 0.0350 0.4434 0.8957
vn 0.0321 0.3439 0.9384
vn 0.9697 -0.1013 0.2224
vn 0.9645 -0.0500 0.2594
vn 0.9669 -0.0295 0.2533
vn 0.9715 0.0169 0.2366
vn -0.1673 -0.3913 0.9049
vn -0.0477 -0.3863 0.9212
vn -0.1036 -0.3893 0.9153
vn 0.0058 0.9848 0.1734
vn 0.1292 -0.0432 -0.9907
vn 0.9946 -0.0000 -0.1042
vn 0.9972 -0.0000 -0.0750
vn 0.9991 -0.0000 -0.0423
vn 0.9905 -0.0000 -0.1376
vn -0.0000 -0.8722 0.4891
vn -0.0000 -0.9674 0.2531
vn -0.0000 -0.9676 0.2524
vn -0.0526 -0.9986 0.0001
vn 0.5729 0.1024 -0.8132
vn 0.0838 -0.7118 -0.6973
vn 0.0864 -0.6809 -0.7273
vn 0.0519 -0.6713 -0.7393
vn 0.0555 -0.7244 -0.6871
vn 0.3176 0.0355 0.9476
vn 0.4742 0.0397 0.8795
vn 0.9962 0.0317 0.0812
vn 0.9985 0.0530 -0.0160
vn 0.2244 0.0458 -0.9734
vn 0.2279 -0.0673 -0.9713
vn 0.2280 -0.0681 -0.9713
vn 0.9718 0.0492 0.2306
vn 0.9783 0.0300 0.2049
vn 0.6149 -0.1551 -0.7732
vn 0.5756 -0.1595 -0.8020
vn 0.6433 -0.1515 -0.7504
vn 0.6626 0.0315 -0.7483
vn 0.6573 0.0558 0.7516
vn 0.6976 0.0685 0.7132
vn 0.3696 -0.0304 0.9287
vn 0.3510 -0.0853 0.9325
vn 0.8669 -0.4726 -0.1587
vn 0.9298 -0.3614 -0.0693
vn 0.1119 -0.8320 0.5434
vn 0.3438 0.2212 0.9126
vn 0.3426 0.2229 0.9127
vn 0.3553 0.2055 0.9119
vn 0.1479 -0.7563 0.6372
vn 0.5882 0.2654 0.7639
vn 0.1400 0.9417 0.3060
vn 0.9861 0.0315 0.1634
vn 0.4171 -0.7395 0.5283
vn -0.6055 0.2808 -0.7447
vn 0.4161 -0.8186 -0.3960
vn 0.8569 -0.2046 -0.4732
vn -0.7790 -0.1500 -0.6088
vn -0.7717 -0.1644 -0.6143
vn -0.8731 -0.0858 -0.4800
vn -0.8629 -0.0789 -0.4992
vn -0.9108 -0.1147 -0.3967
vn -0.0563 0.9981 -0.0237
vn -0.8000 0.5826 -0.1431
vn 0.7213 0.4425 0.5329
vn 0.0168 -0.1435 0.9895
vn 0.0173 -0.1437 0.9895
vn 0.0098 0.9977 0.0674
vn 0.0349 0.4474 0.8936
vn 0.0431 0.3560 0.9335
vn 0.0593 0.9260 -0.3728
vn 0.0613 0.8847 -0.4621
vn 0.0614 0.8832 -0.4649
vn 0.0593 0.9253 -0.3746
vn 0.1430 0.2018 -0.9689
vn 0.1552 0.0873 -0.9840
vn 0.1561 0.0948 -0.9832
vn 0.1416 0.2046 -0.9685
vn 0.1453 0.0191 -0.9892
vn 0.1455 0.0193 -0.9892
vn 0.0477 -0.6117 -0.7897
vn 0.0820 0.3869 -0.9185
vn 0.1066 0.3020 -0.9473
vn 0.1017 0.3205 -0.9418
vn 0.0810 0.3895 -0.9175
vn 0.1438 0.0175 -0.9895
vn 0.0439 0.9886 -0.1439
vn 0.0726 0.8306 -0.5521
vn 0.0732 0.8284 -0.5553
vn 0.0247 0.8398 0.5423
vn 0.0118 0.2997 0.9540
vn -0.0087 0.2987 0.9543
vn 0.0659 0.3918 0.9177
vn 0.1745 0.4506 0.8755
vn 0.2823 0.5322 0.7981
vn 0.7892 0.4054 0.4613
vn 0.2069 -0.2568 0.9441
vn 0.0645 -0.0874 0.9941
vn 0.0419 -0.1509 0.9877
vn 0.1640 -0.6009 0.7823
vn 0.2914 0.0068 0.9566
vn 0.8211 -0.0087 0.5707
vn 0.9807 0.0783 0.1793
vn 0.9554 -0.1110 0.2736
vn 0.7747 0.2469 0.5821
vn 0.8347 -0.2314 -0.4996
vn 0.9811 0.0553 0.1852
vn 0.6817 0.5369 0.4971
vn 0.7270 -0.4651 0.5051
vn 0.1920 0.5371 0.8214
vn 0.0414 0.2713 0.9616
vn 0.0064 0.2811 0.9596
vn 0.0761 0.4014 -0.9127
vn 0.9058 0.3150 -0.2832
vn 0.9591 0.1805 -0.2182
vn 0.9996 0.0287 -0.0000
vn 0.5887 0.3473 -0.7300
vn 0.6170 0.3119 0.7225
vn 0.5339 0.2580 0.8052
vn 0.7012 0.3753 0.6062
vn 0.7759 0.3349 0.5347
vn 0.5254 0.3441 0.7782
vn 0.5239 0.3473 0.7778
vn 0.4971 0.3992 0.7704
vn 0.7935 0.3107 0.5233
vn 0.0829 0.7951 -0.6008
vn 0.8348 -0.0323 -0.5496
vn 0.4402 0.1131 0.8907
vn 0.5476 -0.1625 0.8208
vn 0.3965 0.0540 0.9165
vn 0.9823 -0.1701 0.0787
vn 0.9726 -0.1669 0.1620
vn 0.5488 0.2940 0.7825
vn 0.5435 0.2990 0.7843
vn 0.4437 0.8276 -0.3438
vn 0.4179 0.7393 -0.5280
vn 0.4357 0.7862 -0.4382
vn 0.4079 0.7216 -0.5594
vn 0.6324 -0.0547 -0.7727
vn 0.3644 0.7946 0.4856
vn -0.0000 -0.0597 0.9982
vn -0.0000 -0.0587 0.9983
vn -0.0000 0.0058 1.0000
s 1
usemtl Material.001
f 495//1 496//1 200//2 178//3
f 567//4 178//3 200//2 552//4
f 1//5 199//5 179//6 202//7
f 202//7 179//6 344//8 203//8
f 340//9 339//10 2//11 3//11
f 524//12 520//13 4//14 206//15
f 206//15 4//14 207//16 208//17
f 208//17 207//16 5//18 6//19
f 6//19 5//18 7//20 176//21
f 176//21 7//20 175//22
f 5//18 207//16 8//23 210//24
f 210//24 8//23 211//25 174//26
f 212//27 211//25 213//28 9//29
f 213//28 211//25 173//30 214//31
f 214//31 173//30 523//32 12//33
f 526//34 532//35 215//36 13//37
f 13//37 215//36 14//38 216//39
f 216//39 14//38 15//40 16//41
f 16//41 15//40 217//42 218//43
f 212//27 9//29 220//44 219//45
f 219//45 220//44 18//46 17//47
f 435//48 434//49 364//50 363//51
f 222//52 231//53 109//54
f 461//55 452//56 365//57 366//58
f 216//39 16//41 22//59 227//60
f 19//61 221//62 222//52 20//63
f 18//46 220//44 23//64 229//65
f 526//34 13//37 226//66 530//67
f 213//28 214//31 21//68 223//69
f 16//41 218//43 228//70 22//59
f 434//49 18//71 229//72 440//73
f 222//52 109//54 217//74 20//63
f 13//37 216//39 227//60 226//66
f 220//44 9//29 224//75 23//64
f 9//29 213//28 223//69 224//75
f 214//31 12//33 225//76 21//68
f 452//77 19//78 24//78 453//79
f 25//80 24//81 19//81 20//82
f 453//83 24//84 26//85 454//86
f 27//87 26//88 28//89 232//90
f 232//90 28//89 29//91 30//92
f 30//92 29//91 31//93 233//94
f 233//94 31//93 234//95 32//96
f 25//97 28//89 26//88 24//98
f 28//89 25//97 217//42 29//91
f 20//82 217//99 25//80
f 15//40 31//93 29//91 217//42
f 33//100 8//23 207//16 4//14
f 8//23 33//100 10//101 211//25
f 521//102 522//102 34//102 11//102
f 520//102 2//102 34//102 522//102
f 527//103 533//104 35//105 36//106
f 36//106 35//105 235//107 236//108
f 236//108 235//107 37//109 38//110
f 38//110 39//111 237//112 40//113
f 234//95 40//113 237//112 32//96
f 528//114 527//103 36//106 41//115
f 532//102 11//102 34//102 528//102
f 42//116 41//115 36//106 236//108
f 236//108 38//110 40//113 42//116
f 14//38 215//36 41//115 42//116
f 40//113 234//95 14//38 42//116
f 14//38 234//95 31//93 15//40
f 533//102 339//102 181//102 534//102
f 539//102 177//102 239//102 531//102
f 35//105 44//117 238//118 235//107
f 44//117 45//119 46//120 238//118
f 238//118 46//120 43//121
f 491//122 345//123 242//124 490//125
f 500//102 499//102 69//102 492//102
f 564//126 241//127 51//128 553//129
f 495//130 178//131 51//128 493//132
f 497//133 493//132 51//128 241//127
f 570//134 554//135 56//136 244//137
f 244//137 56//136 245//138 57//139
f 475//140 480//141 246//142 58//143
f 58//143 246//142 247//144 59//145
f 179//146 199//147 53//148 60//149
f 53//148 52//150 60//149
f 344//151 179//146 60//149 346//152
f 78//153 260//154 249//155 61//156
f 82//157 83//158 61//156 249//155
f 476//159 484//160 72//161 71//162
f 556//163 63//164 72//161 551//165
f 64//166 63//164 65//167 251//168
f 85//169 263//170 66//171 252//172
f 557//173 65//167 63//164 556//163
f 566//174 263//170 65//167 557//173
f 252//175 66//176 253//177 67//178
f 67//178 253//177 68//179 254//180
f 558//181 253//177 66//176 568//182
f 548//183 68//179 253//177 558//181
f 559//184 570//134 244//137 255//185
f 69//186 255//185 244//137 57//139
f 69//186 499//187 242//188 255//185
f 478//189 78//190 61//191 477//192
f 71//162 72//161 63//164 64//166
f 572//193 484//160 250//194 569//195
f 519//196 476//197 71//198 512//199
f 503//200 510//201 75//202 74//203
f 74//203 75//202 257//204 256//205
f 76//206 258//207 74//203 256//205
f 506//208 503//200 74//203 258//207
f 504//209 512//199 71//198 64//210
f 80//211 79//212 73//213 77//214
f 507//215 504//216 64//216 251//217
f 247//144 246//142 79//212 80//211
f 480//141 245//218 78//190 478//189
f 245//138 56//136 260//154 78//153
f 248//219 247//144 80//211 81//220
f 80//211 77//214 259//221 81//220
f 259//221 77//214 84//222 262//223
f 77//214 73//213 261//224 84//222
f 477//192 485//225 261//224 73//213
f 509//226 502//227 83//158 82//157
f 513//228 506//208 258//207 264//229
f 507//230 513//228 264//229 262//223
f 568//231 66//171 263//170 566//174
f 251//168 65//167 263//170 85//169
f 259//221 262//223 264//229 86//232
f 76//206 86//232 264//229 258//207
f 486//233 69//234 57//235 475//140
f 483//236 492//237 69//234 486//233
f 87//238 265//239 58//143 59//145
f 88//240 266//241 87//238 59//145
f 59//145 247//144 248//219 88//240
f 181//242 346//152 266//241 177//243
f 239//244 177//243 266//241 88//240
f 248//219 239//244 88//240
f 231//245 230//246 267//247 89//245
f 228//248 231//249 89//249 90//250
f 22//251 228//248 90//250 268//252
f 540//253 535//254 91//255 436//256
f 529//257 530//258 226//259 92//260
f 537//261 536//262 94//263 269//264
f 536//262 538//265 93//266 94//263
f 537//261 269//264 91//255 535//254
f 538//265 529//257 92//260 93//266
f 227//267 22//251 268//252
f 95//268 92//260 226//259 227//268
f 93//269 92//270 95//270 270//271
f 91//255 269//264 272//272 96//273
f 269//264 94//263 271//274 272//272
f 436//256 91//255 96//273 437//275
f 94//263 93//269 270//271 271//274
f 489//276 180//277 410//277 427//278
f 427//279 410//280 378//281 419//282
f 420//283 379//284 380//285 430//286
f 518//102 501//102 382//102 421//102
f 433//287 425//287 381//287 389//287
f 429//287 430//287 380//287 388//287
f 432//287 390//287 385//287 426//287
f 417//287 387//287 383//287 431//287
f 487//287 473//287 387//287 417//287
f 426//287 385//287 386//287 422//287
f 432//287 423//287 384//287 390//287
f 431//287 383//287 384//287 423//287
f 429//287 388//287 381//287 425//287
f 38//110 37//109 157//288 39//111
f 284//289 283//290 274//291 97//292
f 285//293 284//289 97//292 273//294
f 256//205 257//204 97//295 274//291
f 206//296 208//297 275//298 98//299
f 451//300 408//301 396//302 448//303
f 524//304 206//304 98//304 101//304
f 3//305 101//305 343//305 340//305
f 102//306 341//307 343//308 101//309
f 342//310 494//311 341//307 102//306
f 99//312 543//312 542//313 100//314
f 435//315 363//316 391//316 441//317
f 441//318 391//319 392//319 438//320
f 438//321 392//322 393//323 442//324
f 469//325 468//326 394//327 439//328
f 439//328 394//327 395//329 443//330
f 444//331 443//330 395//329 409//332
f 212//333 219//334 104//335 279//336
f 219//334 17//337 276//338 104//335
f 276//339 441//318 438//320 472//339
f 279//336 104//335 105//340
f 174//341 212//333 279//336 280//342
f 105//343 106//344 280//345 279//346
f 280//345 106//344 546//347
f 108//348 442//324 469//325 470//349
f 470//350 103//351 107//352 471//353
f 471//353 107//352 545//354 547//355 106//344
f 467//356 416//357 278//358 204//359
f 109//360 218//43 217//42
f 231//361 228//70 218//43 109//360
f 76//206 110//362 281//363 86//232
f 76//206 256//205 274//291 110//362
f 81//220 259//221 86//232 281//363
f 110//362 111//364 282//365 281//363
f 112//366 81//220 281//363 282//365
f 111//367 113//368 114//369 282//370
f 157//371 43//372 284//289 285//293
f 43//372 127//373 283//290 284//289
f 274//291 283//290 111//374 110//362
f 288//375 115//376 116//376 289//377
f 115//378 117//378 118//378 116//378
f 117//379 290//380 119//381 118//379
f 290//380 120//382 291//382 119//381
f 288//383 292//384 293//385 115//386
f 112//387 282//387 293//385 292//384
f 114//369 293//385 282//370
f 114//369 113//368 120//388 290//389
f 292//384 288//383 415//390
f 81//391 112//391 248//391
f 248//392 112//393 415//394
f 118//395 296//396 295//397 116//398
f 289//399 122//400 294//401 287//402
f 119//403 123//404 296//396 118//395
f 287//402 294//401 121//405 286//406
f 116//398 295//397 122//400 289//399
f 291//407 297//408 123//404 119//403
f 120//409 298//410 124//411 291//409
f 298//410 125//412 126//413 124//411
f 125//412 299//414 300//414 126//413
f 299//415 127//415 46//415 300//415
f 126//416 301//417 128//418 124//419
f 297//408 291//407 124//419 128//418
f 128//420 129//421 302//422 297//422
f 297//408 304//423 303//424 123//404
f 305//425 130//426 304//423
f 122//427 132//428 131//429 294//430
f 303//424 304//423 130//426 131//429 132//431
f 123//404 306//432 296//396
f 122//427 295//433 307//434 132//428
f 303//424 132//431 307//434 306//432 123//404
f 294//430 131//429 133//435 121//436
f 129//437 134//438 305//425 302//439
f 130//426 305//425 134//438 133//435 131//429
f 135//440 308//440 136//441 301//442
f 301//442 136//441 310//443 129//421 128//420
f 137//444 309//444 311//445 310//443
f 310//443 311//445 129//421
f 308//446 137//447 310//448 136//448
f 129//437 311//449 133//435 134//438
f 300//450 135//451 301//417 126//416
f 135//451 300//450 46//452
f 45//453 309//454 137//447 308//446
f 46//452 45//453 308//446
f 46//452 308//446 135//451
f 239//455 286//455 121//455 133//455 138//455
f 45//119 362//456 138//457 309//458
f 309//458 138//457 133//435 311//449
f 353//459 448//303 446//460 354//461
f 354//461 446//460 447//462 139//463
f 139//463 447//462 449//464 191//465
f 449//464 399//466 400//467 450//468
f 201//469 99//469 176//469 205//469
f 68//470 140//471 141//472 254//473
f 140//471 142//474 143//475 141//472
f 142//474 313//476 144//477 143//475
f 313//476 145//478 146//479 144//477
f 145//478 147//480 314//481 146//479
f 560//482 561//483 142//474 140//471
f 561//483 562//484 313//476 142//474
f 562//484 549//485 145//478 313//476
f 549//485 563//486 147//480 145//478
f 257//487 148//488 316//489 97//490
f 75//491 192//492 148//488 257//487
f 148//488 317//493 318//494 316//489
f 192//492 193//495 317//493 148//488
f 317//493 149//496 320//497 318//494
f 193//495 319//498 149//496 317//493
f 149//496 151//499 152//500 320//497
f 319//498 355//501 151//499 149//496
f 151//499 321//502 154//503 152//500
f 355//501 153//504 321//502 151//499
f 514//505 505//506 150//507 319//508
f 515//509 514//505 319//508 193//510
f 516//511 515//509 193//510 315//512
f 510//102 254//102 141//102 516//102
f 505//506 517//513 153//514 150//507
f 32//515 324//516 323//517 233//518
f 233//518 323//517 322//519 30//520
f 30//520 322//519 156//521 232//522
f 232//522 156//521 155//523 27//524
f 237//525 326//526 324//516 32//515
f 39//527 325//528 326//526 237//525
f 157//529 325//528 39//527
f 456//530 160//531 164//531 457//532
f 464//533 403//534 401//535 455//536
f 159//537 349//538 332//539 331//540
f 327//541 185//542 162//543 161//544
f 349//538 328//545 163//546 332//539
f 185//542 159//537 331//540 162//543
f 158//547 327//541 161//544 330//548
f 273//549 158//547 330//548 285//550
f 328//545 160//551 329//552 163//546
f 156//521 163//546 329//552 155//523
f 156//521 322//519 332//539 163//546
f 323//517 324//516 162//543 331//540
f 324//516 326//526 161//544 162//543
f 326//526 325//528 330//548 161//544
f 325//528 157//529 285//550 330//548
f 457//553 458//554 405//555 404//555
f 458//556 165//557 166//558 459//559
f 459//559 166//558 466//560
f 327//541 158//547 167//561
f 158//547 273//549 167//561
f 159//537 185//542 168//562
f 185//542 327//541 167//561 168//562
f 335//563 348//564 350//565 186//566
f 186//566 350//565 169//567 333//568
f 333//568 169//567 334//569 182//570
f 466//571 166//572 348//573 335//574
f 184//575 348//573 166//572 165//576
f 336//577 184//575 165//576 164//578
f 349//579 336//577 164//578 160//579 328//579
f 273//580 170//581 337//582 167//583
f 170//581 347//584 171//585 337//582
f 169//567 171//585 347//584 334//569
f 183//586 347//584 170//581
f 159//537 168//562 349//538
f 184//587 336//588 338//589 172//590
f 348//564 184//587 172//590 350//565
f 350//565 172//590 171//585 169//567
f 336//588 349//591 168//592 338//589
f 168//592 167//583 337//582 338//589
f 273//580 183//586 170//581
f 316//489 273//593 97//490
f 211//25 212//27 174//26
f 211//25 10//101 173//30
f 523//102 521//102 11//102 12//102
f 456//594 464//533 329//552 160//551
f 455//536 460//595 27//524 155//523
f 454//86 26//85 27//596 460//597
f 534//102 181//102 177//102 539//102
f 202//598 343//599 341//600 1//600
f 201//601 543//601 99//601
f 496//102 1//102 341//102 494//102
f 344//151 346//152 181//242 339//602
f 205//603 176//604 175//604 467//604 204//605
f 203//606 344//606 339//10 340//9
f 424//607 376//608 377//609 418//610
f 238//118 43//121 37//109 235//107
f 43//121 157//288 37//109
f 419//282 378//281 379//284 420//283
f 266//241 346//152 60//149 87//238
f 87//238 60//149 52//150 265//239
f 316//489 318//494 183//611 273//593
f 318//494 320//497 347//612 183//611
f 320//497 152//500 334//613 347//612
f 154//503 182//614 334//613 152//500
f 337//582 171//585 172//590 338//589
f 176//615 99//615 100//616 6//617
f 559//184 345//102 48//618
f 548//619 187//620 353//459 560//619
f 574//102 550//102 189//102 511//102
f 555//621 565//622 188//622 240//623
f 550//624 555//621 240//623 189//624
f 565//625 554//626 351//627 188//625
f 567//102 198//102 209//102 553//102
f 428//628 372//629 408//629 451//628
f 150//507 153//514 355//630
f 319//508 150//507 355//630
f 315//631 193//632 192//633
f 75//634 315//631 192//633
f 428//635 187//636 55//637 422//638
f 186//566 197//639 196//640 335//563
f 153//504 357//641 358//642 321//502
f 450//468 445//643 194//644 312//645
f 154//503 359//646 361//647 182//614
f 321//502 358//642 359//646 154//503
f 563//486 571//648 195//649 147//480
f 147//480 195//649 356//650 314//481
f 517//513 508//651 357//651 153//514
f 182//570 361//652 360//653 333//568
f 333//568 360//653 197//639 186//566
f 466//560 465//654 412//654 407//655
f 6//617 100//616 275//298 208//297
f 362//456 531//656 239//657 138//457
f 461//55 366//58 368//658 462//659
f 462//660 368//661 373//661 463//662
f 222//52 221//62 230//663 231//53
f 248//664 287//402 286//406 239//664
f 248//665 288//375 289//377 287//665
f 302//439 305//425 304//423 297//408
f 295//433 296//396 306//432 307//434
f 322//519 323//517 331//540 332//539
f 202//598 203//666 340//666 343//599
f 198//667 201//667 205//603 204//605
f 117//668 293//385 114//369 290//389
f 115//386 293//385 117//668
f 111//374 283//290 127//669 414//669 413//669 113//669
f 46//670 127//373 43//372
f 298//671 120//388 113//368 413//672
f 125//673 298//671 413//672 414//674
f 299//675 125//673 414//674 127//675
f 112//393 292//676 415//394
f 288//383 248//677 415//390
f 103//351 278//358 416//357 107//352
f 107//352 416//357 544//678 545//354
f 424//679 444//680 409//681 376//681
f 411//629 412//629 465//629 196//629 197//629 360//629 361//629 359//629 358//629 357//629 508//629 356//629 195//629 571//629 194//629 445//629
f 372//682 428//635 422//638 386//682
f 48//618 419//282 420//283 49//683
f 209//684 424//607 418//610 47//685
f 188//686 429//687 425//688 240//689
f 352//690 431//691 423//692 54//693
f 190//694 54//693 423//692 432//695
f 243//696 426//696 422//638 55//637
f 474//697 487//698 417//699 70//700
f 70//700 417//699 431//691 352//690
f 190//694 432//695 426//701 243//701
f 188//686 351//702 430//286 429//687
f 189//703 240//689 425//688 433//704
f 511//102 518//102 421//102 50//102
f 49//683 420//283 430//286 351//702
f 345//705 427//279 419//282 48//618
f 491//706 489//276 427//278 345//707
f 204//708 278//709 443//330 444//331
f 103//710 439//328 443//330 278//709
f 470//349 469//325 439//328 103//710
f 277//711 106//344 105//343
f 17//337 435//315 441//317 276//338
f 374//712 436//256 437//713 375//714
f 525//715 540//253 436//256 374//712
f 364//50 434//49 440//73 367//716
f 17//717 18//71 434//49 435//48
f 198//718 204//718 444//680 424//679 209//718
f 191//465 449//464 450//468 312//645
f 449//464 447//462 398//719 399//466
f 446//460 448//303 396//302 397//720
f 447//462 446//460 397//720 398//719
f 400//467 411//721 445//643 450//468
f 187//620 451//300 448//303 353//459
f 187//628 428//628 451//628
f 230//246 462//660 463//662 267//247
f 221//62 461//55 462//659 230//663
f 370//722 454//86 460//597 371//723
f 401//535 371//724 460//595 455//536
f 402//725 403//534 464//533 456//594
f 405//726 458//556 459//559 406//727
f 164//728 165//728 458//554 457//553
f 329//552 464//533 455//536 155//523
f 402//729 456//530 457//532 404//729
f 369//730 453//83 454//86 370//722
f 365//731 452//77 453//79 369//731
f 221//62 19//61 452//56 461//55
f 406//727 459//559 466//560 407//655
f 335//574 196//732 465//732 466//571
f 210//733 546//347 547//734 5//734
f 416//357 467//356 175//735 544//678
f 210//736 174//341 280//342
f 108//737 470//350 471//353
f 442//324 393//323 468//326 469//325
f 108//738 471//353 106//344 277//711
f 105//340 104//335 276//338 472//739 277//739
f 277//740 472//740 438//321 442//324 108//348
f 47//685 418//610 488//741 482//742
f 50//743 421//743 487//698 474//697
f 421//287 382//287 473//287 487//287
f 418//610 377//609 481//744 488//741
f 52//150 483//236 486//233 265//239
f 265//239 486//233 475//140 58//143
f 61//191 83//745 485//225 477//192
f 246//142 480//141 478//189 79//212
f 502//746 62//747 476//197 519//196
f 551//165 72//161 484//160 572//193
f 79//212 478//189 477//192 73//213
f 62//748 250//194 484//160 476//159
f 57//235 245//218 480//141 475//140
f 497//102 498//102 483//102 52//102
f 564//126 573//749 479//750 241//127
f 482//742 488//741 489//276 491//706
f 488//741 481//744 180//277 489//276
f 498//102 500//102 492//102 483//102
f 573//749 491//122 490//125 479//750
f 479//750 490//125 500//751 498//752
f 241//127 479//750 498//752 497//133
f 200//753 496//754 494//754 342//755
f 52//102 53//102 493//102 497//102
f 199//102 495//102 493//102 53//102
f 490//125 242//124 499//756 500//751
f 199//102 1//102 496//102 495//102
f 83//745 502//746 519//196 485//225
f 189//703 433//704 518//757 511//757
f 314//102 356//102 508//102 517//102
f 569//102 574//102 511//102 50//102
f 146//102 314//102 517//102 505//102
f 75//758 510//758 516//511 315//512
f 141//102 143//102 515//102 516//102
f 143//102 144//102 514//102 515//102
f 144//102 146//102 505//102 514//102
f 433//287 389//287 501//287 518//287
f 251//217 85//759 513//760 507//215
f 85//759 252//761 506//761 513//760
f 250//102 62//102 502//102 509//102
f 262//223 84//222 504//209 507//230
f 84//222 261//224 512//199 504//209
f 252//102 67//102 503//102 506//102
f 67//102 254//102 510//102 503//102
f 485//225 519//196 512//199 261//224
f 173//30 10//101 521//762 523//32
f 275//298 100//314 542//313 541//763
f 275//298 541//763 98//299
f 3//102 524//102 101//102
f 4//14 520//13 522//764 33//100
f 10//101 33//100 522//764 521//762
f 3//102 2//102 520//102 524//102
f 367//102 440//102 540//102 525//102
f 44//117 534//765 539//766 45//119
f 223//102 21//102 529//102 538//102
f 23//102 537//102 535//102 229//102
f 224//102 223//102 538//102 536//102
f 23//102 224//102 536//102 537//102
f 21//102 225//102 530//102 529//102
f 440//102 229//102 535//102 540//102
f 45//119 539//766 531//656 362//456
f 35//105 533//104 534//765 44//117
f 215//36 532//35 528//114 41//115
f 34//102 2//102 527//102 528//102
f 2//102 339//102 533//102 527//102
f 12//102 526//102 530//102 225//102
f 12//102 11//102 532//102 526//102
f 575//767 552//767 200//753 342//755
f 98//299 541//763 102//306 101//309
f 542//313 543//312 575//312 342//310
f 541//763 542//313 342//310 102//306
f 547//355 545//354 5//18
f 546//347 210//733 280//345
f 547//734 546//347 106//344
f 544//678 175//735 7//20
f 545//354 544//678 7//20 5//18
f 543//102 201//102 552//102 575//102
f 250//102 509//102 574//102 569//102
f 482//102 491//102 573//102
f 47//102 482//102 573//102 564//102
f 70//102 551//102 572//102 474//102
f 312//102 194//102 571//102 563//102
f 178//131 567//768 553//129 51//128
f 260//154 56//136 554//135 565//769
f 82//157 249//155 555//770 550//771
f 249//155 260//154 565//769 555//770
f 509//226 82//157 550//771 574//772
f 68//470 548//773 560//482 140//471
f 255//185 242//188 345//774 559//184
f 191//102 312//102 563//102 549//102
f 139//775 191//776 549//776 562//777
f 354//778 139//775 562//777 561//778
f 353//102 354//102 561//102 560//102
f 243//102 568//102 566//102 190//102
f 474//102 572//102 569//102 50//102
f 48//618 49//683 570//134 559//184
f 187//102 548//102 558//102 55//102
f 55//102 558//102 568//102 243//102
f 190//102 566//102 557//102 54//102
f 54//102 557//102 556//102 352//102
f 352//102 556//102 551//102 70//102
f 49//629 351//627 554//626 570//629
f 47//102 564//102 553//102 209//102
f 198//102 567//102 552//102 201//102
f 1004//779 753//780 774//781 1005//779
f 1073//782 1058//782 774//781 753//780
f 576//783 776//784 754//785 773//783
f 776//784 777//786 918//786 754//785
f 914//787 578//788 577//788 913//789
f 1031//790 780//791 579//792 1027//793
f 780//791 782//794 781//795 579//792
f 782//794 581//796 580//797 781//795
f 581//796 751//798 582//799 580//797
f 751//798 750//800 582//799
f 580//797 784//801 583//802 781//795
f 784//801 749//803 785//804 583//802
f 786//805 584//806 787//807 785//804
f 787//807 788//808 748//809 785//804
f 788//808 587//810 1030//811 748//809
f 1032//812 588//813 789//814 1038//815
f 588//813 790//816 589//817 789//814
f 790//816 591//818 590//819 589//817
f 591//818 792//820 791//821 590//819
f 786//805 793//822 794//823 584//806
f 793//822 592//824 593//825 794//823
f 948//826 363//51 364//50 947//827
f 796//828 684//829 805//830
f 974//831 366//58 365//57 965//832
f 790//816 801//833 597//834 591//818
f 594//835 595//836 796//828 795//837
f 593//825 803//838 598//839 794//823
f 1032//812 1036//840 800//841 588//813
f 787//807 797//842 596//843 788//808
f 591//818 597//834 802//844 792//820
f 947//827 953//845 803//846 593//847
f 796//828 595//836 791//848 684//829
f 588//813 800//841 801//833 790//816
f 794//823 598//839 798//849 584//806
f 584//806 798//849 797//842 787//807
f 788//808 596//843 799//850 587//810
f 965//851 966//852 599//853 594//853
f 600//854 595//855 594//856 599//856
f 966//83 967//857 601//858 599//859
f 602//860 806//861 603//862 601//863
f 806//861 605//864 604//865 603//862
f 605//864 807//866 606//867 604//865
f 807//866 607//868 808//869 606//867
f 600//870 599//871 601//863 603//862
f 603//862 604//865 791//821 600//870
f 595//855 600//854 791//872
f 590//819 791//821 604//865 606//867
f 608//873 579//792 781//795 583//802
f 583//802 785//804 585//874 608//873
f 1028//102 586//102 609//102 1029//102
f 1027//102 1029//102 609//102 577//102
f 1033//875 611//876 610//877 1039//878
f 611//876 810//879 809//880 610//877
f 810//879 613//881 612//882 809//880
f 613//881 615//883 811//884 614//885
f 808//869 607//868 811//884 615//883
f 1034//886 616//887 611//876 1033//875
f 1038//102 1034//102 609//102 586//102
f 617//888 810//879 611//876 616//887
f 810//879 617//888 615//883 613//881
f 589//817 617//888 616//887 789//814
f 615//883 617//888 589//817 808//869
f 589//817 590//819 606//867 808//869
f 1039//102 1040//102 755//102 913//102
f 1045//102 1037//102 813//102 752//102
f 610//877 809//880 812//889 619//890
f 619//890 812//889 621//891 620//892
f 812//889 618//893 621//891
f 1000//894 999//895 816//896 919//897
f 1009//102 1001//102 644//102 1008//102
f 1070//898 1059//899 626//900 815//901
f 1004//902 1002//903 626//900 753//904
f 1006//905 815//901 626//900 1002//903
f 1076//906 818//907 631//908 1060//909
f 818//907 632//910 819//911 631//908
f 986//912 633//913 820//914 991//915
f 633//913 634//916 821//917 820//914
f 754//918 635//919 628//920 773//921
f 628//920 635//919 627//922
f 918//923 920//924 635//919 754//918
f 653//925 636//926 823//927 834//928
f 657//929 823//927 636//926 658//930
f 987//931 646//932 647//933 994//934
f 1062//935 1057//936 647//933 638//937
f 639//938 825//939 640//940 638//937
f 660//941 826//942 641//943 837//944
f 1063//945 1062//935 638//937 640//940
f 1072//946 1063//945 640//940 837//944
f 826//947 642//948 827//949 641//950
f 642//948 828//951 643//952 827//949
f 1064//953 1074//954 641//950 827//949
f 1054//955 1064//953 827//949 643//952
f 1065//956 829//957 818//907 1076//906
f 644//958 632//910 818//907 829//957
f 644//958 829//957 816//959 1008//960
f 989//961 988//962 636//963 653//964
f 646//932 639//938 638//937 647//933
f 1078//965 1075//966 824//967 994//934
f 1026//968 1020//969 646//970 987//971
f 1011//972 649//973 650//974 1018//975
f 649//973 830//976 831//977 650//974
f 651//978 830//976 649//973 832//979
f 1014//980 832//979 649//973 1011//972
f 1012//981 639//982 646//970 1020//969
f 655//983 652//984 648//985 654//986
f 1015//215 825//217 639//216 1012//216
f 821//917 655//983 654//986 820//914
f 991//915 989//961 653//964 819//987
f 819//911 653//925 834//928 631//908
f 822//988 656//989 655//983 821//917
f 655//983 656//989 833//990 652//984
f 833//990 836//991 659//992 652//984
f 652//984 659//992 835//993 648//985
f 988//962 648//985 835//993 995//994
f 1017//995 657//929 658//930 1010//996
f 1021//997 838//998 832//979 1014//980
f 1015//999 836//991 838//998 1021//997
f 1074//1000 1072//946 837//944 641//943
f 825//939 660//941 837//944 640//940
f 833//990 661//1001 838//998 836//991
f 651//978 832//979 838//998 661//1001
f 996//1002 986//912 632//1003 644//1004
f 993//1005 996//1002 644//1004 1001//1006
f 662//1007 634//916 633//913 839//1008
f 663//1009 634//916 662//1007 840//1010
f 634//916 663//1009 822//988 821//917
f 755//1011 752//1012 840//1010 920//924
f 813//1013 663//1009 840//1010 752//1012
f 822//988 663//1009 813//1013
f 805//1014 664//1014 841//1015 804//1016
f 802//1017 665//1018 664//1019 805//1019
f 597//1020 842//1021 665//1018 802//1017
f 1046//1022 949//1023 666//1024 1041//1025
f 1035//1026 667//1027 800//1028 1036//1029
f 1043//1030 843//1031 669//1032 1042//1033
f 1042//1033 669//1032 668//1034 1044//1035
f 1043//1030 1041//1025 666//1024 843//1031
f 1044//1035 668//1034 667//1027 1035//1026
f 801//1036 842//1021 597//1020
f 670//1037 801//1037 800//1028 667//1027
f 668//1038 844//1039 670//1040 667//1040
f 666//1024 671//1041 846//1042 843//1031
f 843//1031 846//1042 845//1043 669//1032
f 949//1023 950//1044 671//1041 666//1024
f 669//1032 845//1043 844//1039 668//1038
f 998//1045 945//1046 410//277 180//277
f 945//1047 942//1048 378//281 410//280
f 943//1049 430//1050 380//285 379//284
f 613//881 614//885 732//1051 612//882
f 858//1052 672//1053 848//1054 857//1055
f 859//1056 847//1057 672//1053 858//1052
f 830//976 848//1054 672//1058 831//977
f 780//1059 673//1060 849//1061 782//1062
f 964//1063 961//1064 396//302 408//1065
f 1031//1066 676//1066 673//1066 780//1066
f 578//1067 914//1067 917//1067 676//1067
f 677//1068 676//1069 917//1070 915//1071
f 916//1072 677//1068 915//1071 1003//1073
f 674//1074 675//1075 1048//1076 1049//1074
f 948//1077 954//1078 391//316 363//316
f 954//1079 951//1080 392//319 391//319
f 951//1081 955//1082 393//323 392//322
f 981//1083 952//1084 394//327 468//326
f 952//1084 956//1085 395//329 394//327
f 957//1086 409//332 395//329 956//1085
f 786//1087 853//1088 679//1089 793//1090
f 793//1090 679//1089 850//1091 592//1092
f 850//1093 984//1093 951//1080 954//1079
f 853//1088 680//1094 679//1089
f 749//1095 854//1096 853//1088 786//1087
f 680//1097 853//1098 854//1099 681//1100
f 854//1099 1052//1101 681//1100
f 683//1102 982//1103 981//1083 955//1082
f 982//1104 983//1105 682//1106 678//1107
f 983//1105 681//1100 1053//1108 1051//1109 682//1106
f 980//1110 778//1111 852//1112 940//1113
f 684//1114 791//821 792//820
f 805//1115 684//1114 792//820 802//844
f 651//978 661//1001 855//1116 685//1117
f 651//978 685//1117 848//1054 830//976
f 656//989 855//1116 661//1001 833//990
f 685//1117 855//1116 856//1118 686//1119
f 687//1120 856//1118 855//1116 656//989
f 686//1121 856//1122 689//1123 688//1124
f 732//1125 859//1056 858//1052 618//1126
f 618//1126 858//1052 857//1055 702//1127
f 848//1054 685//1117 686//1128 857//1055
f 862//1129 863//1130 691//1131 690//1131
f 690//1132 691//1132 693//1132 692//1132
f 692//1133 693//1133 694//1134 864//1135
f 864//1135 694//1134 865//1136 695//1136
f 862//1137 690//1138 867//1139 866//1140
f 687//1141 866//1140 867//1139 856//1141
f 689//1123 856//1122 867//1139
f 689//1123 864//1142 695//1143 688//1124
f 866//1140 939//1144 862//1137
f 656//1145 822//1145 687//1145
f 822//1146 939//1147 687//1148
f 693//1149 691//1150 869//1151 870//1152
f 863//1153 861//1154 868//1155 697//1156
f 694//1157 693//1149 870//1152 698//1158
f 861//1154 860//1159 696//1160 868//1155
f 691//1150 863//1153 697//1156 869//1151
f 865//1161 694//1157 698//1158 871//1162
f 695//1163 865//1163 699//1164 872//1165
f 872//1165 699//1164 701//1166 700//1167
f 700//1167 701//1166 874//1168 873//1168
f 873//1169 874//1169 621//1169 702//1169
f 701//1170 699//1171 703//1172 875//1173
f 871//1162 703//1172 699//1171 865//1161
f 703//1174 871//1175 876//1175 704//1176
f 871//1162 698//1158 877//1177 878//1178
f 879//1179 878//1178 705//1180
f 697//1181 868//1182 706//1183 707//1184
f 877//1177 707//1185 706//1183 705//1180 878//1178
f 698//1158 870//1152 880//1186
f 697//1181 707//1184 881//1187 869//1188
f 877//1177 698//1158 880//1186 881//1187 707//1185
f 868//1182 696//1189 708//1190 706//1183
f 704//1191 876//1192 879//1179 709//1193
f 705//1180 706//1183 708//1190 709//1193 879//1179
f 710//1194 875//1195 711//1196 882//1194
f 875//1195 703//1174 704//1176 884//1197 711//1196
f 712//1198 884//1197 885//1199 883//1198
f 884//1197 704//1176 885//1199
f 882//1200 711//1201 884//1201 712//1202
f 704//1191 709//1193 708//1190 885//1203
f 874//1204 701//1170 875//1173 710//1205
f 710//1205 621//1206 874//1204
f 620//1207 882//1200 712//1202 883//1208
f 621//1206 882//1200 620//1207
f 621//1206 710//1205 882//1200
f 813//1209 713//1209 708//1209 696//1209 860//1209
f 620//892 883//1210 713//1211 936//1212
f 883//1210 885//1203 708//1190 713//1211
f 927//1213 928//1214 959//1215 961//1064
f 928//1214 714//1216 960//1217 959//1215
f 714//1216 765//1218 962//1219 960//1217
f 962//1219 963//1220 400//467 399//466
f 775//1221 779//1221 751//1221 674//1221
f 643//1222 828//1223 716//1224 715//1225
f 715//1225 716//1224 718//1226 717//1227
f 717//1227 718//1226 719//1228 887//1229
f 887//1229 719//1228 721//1230 720//1231
f 720//1231 721//1230 888//1232 722//1233
f 1066//1234 715//1225 717//1227 1067//1235
f 1067//1235 717//1227 887//1229 1068//1236
f 1068//1236 887//1229 720//1231 1055//1237
f 1055//1237 720//1231 722//1233 1069//1238
f 831//1239 672//1240 890//1241 723//1242
f 650//1243 831//1239 723//1242 766//1244
f 723//1242 890//1241 892//1245 891//1246
f 766//1244 723//1242 891//1246 767//1247
f 891//1246 892//1245 894//1248 724//1249
f 767//1247 891//1246 724//1249 893//1250
f 724//1249 894//1248 727//1251 726//1252
f 893//1250 724//1249 726//1252 929//1253
f 726//1252 727//1251 729//1254 895//1255
f 929//1253 726//1252 895//1255 728//1256
f 1022//1257 893//1258 725//1259 1013//1260
f 1023//1261 767//1262 893//1258 1022//1257
f 1024//1263 889//1264 767//1262 1023//1261
f 1018//102 1024//102 716//102 828//102
f 1013//1260 725//1259 728//1265 1025//1266
f 607//1267 807//1268 897//1269 898//1270
f 807//1268 605//1271 896//1272 897//1269
f 605//1271 806//1273 731//1274 896//1272
f 806//1273 602//1275 730//1276 731//1274
f 811//1277 607//1267 898//1270 900//1278
f 614//1279 811//1277 900//1278 899//1280
f 732//1281 614//1279 899//1280
f 969//1282 970//1283 739//1284 735//1284
f 977//1285 968//1286 401//535 403//534
f 734//1287 905//1288 906//1289 923//1290
f 901//1291 736//1292 737//1293 759//1294
f 923//1290 906//1289 738//1295 902//1296
f 759//1294 737//1293 905//1288 734//1287
f 733//1297 904//1298 736//1292 901//1291
f 847//1299 859//1300 904//1298 733//1297
f 902//1296 738//1295 903//1301 735//1302
f 731//1274 730//1276 903//1301 738//1295
f 731//1274 738//1295 906//1289 896//1272
f 897//1269 905//1288 737//1293 898//1270
f 898//1270 737//1293 736//1292 900//1278
f 900//1278 736//1292 904//1298 899//1280
f 899//1280 904//1298 859//1300 732//1281
f 970//1303 404//555 405//555 971//1304
f 971//1305 972//1306 741//1307 740//1308
f 972//1306 979//1309 741//1307
f 901//1291 742//1310 733//1297
f 733//1297 742//1310 847//1299
f 734//1287 743//1311 759//1294
f 759//1294 743//1311 742//1310 901//1291
f 909//1312 760//1313 924//1314 922//1315
f 760//1313 907//1316 744//1317 924//1314
f 907//1316 756//1318 908//1319 744//1317
f 979//1320 909//1321 922//1322 741//1323
f 758//1324 740//1325 741//1323 922//1322
f 910//1326 739//1327 740//1325 758//1324
f 923//1328 902//1328 735//1328 739//1327 910//1326
f 847//1329 742//1330 911//1331 745//1332
f 745//1332 911//1331 746//1333 921//1334
f 744//1317 908//1319 921//1334 746//1333
f 757//1335 745//1332 921//1334
f 734//1287 923//1290 743//1311
f 758//1336 747//1337 912//1338 910//1339
f 922//1315 924//1314 747//1337 758//1336
f 924//1314 744//1317 746//1333 747//1337
f 910//1339 912//1338 743//1340 923//1341
f 743//1340 912//1338 911//1331 742//1330
f 847//1329 745//1332 757//1335
f 890//1241 672//1240 847//1342
f 785//804 749//803 786//805
f 785//804 748//809 585//874
f 1030//102 587//102 586//102 1028//102
f 969//1343 735//1302 903//1301 977//1285
f 968//1286 730//1276 602//1275 973//1344
f 967//857 973//1345 602//1346 601//858
f 1040//102 1045//102 752//102 755//102
f 776//1347 576//1348 915//1348 917//1349
f 775//1350 674//1350 1049//1350
f 1005//102 1003//102 915//102 576//102
f 918//923 913//1351 755//1011 920//924
f 779//1352 778//1353 980//1354 750//1354 751//1354
f 777//1355 914//787 913//789 918//1355
f 944//1356 941//1357 377//609 376//608
f 812//889 809//880 612//882 618//893
f 618//893 612//882 732//1051
f 942//1048 943//1049 379//284 378//281
f 840//1010 662//1007 635//919 920//924
f 662//1007 839//1008 627//922 635//919
f 890//1241 847//1342 757//1358 892//1245
f 892//1245 757//1358 921//1359 894//1248
f 894//1248 921//1359 908//1360 727//1251
f 729//1254 727//1251 908//1360 756//1361
f 911//1331 912//1338 747//1337 746//1333
f 751//1362 581//1363 675//1364 674//1362
f 1065//956 623//1365 919//102
f 1054//619 1066//619 927//1213 761//1366
f 1080//102 1019//102 763//102 1056//102
f 1061//1367 814//1368 762//1369 1071//1369
f 1056//1370 763//1370 814//1368 1061//1367
f 1071//1371 762//1371 925//1372 1060//1373
f 1073//102 1059//102 783//102 772//102
f 946//1374 964//1374 408//629 372//629
f 725//1259 929//1375 728//1265
f 893//1258 929//1375 725//1259
f 889//631 766//633 767//632
f 650//634 766//633 889//631
f 946//1376 422//1377 630//1378 761//1379
f 760//1313 909//1312 770//1380 771//1381
f 728//1256 895//1255 932//1382 931//1383
f 963//1220 886//1384 768//1385 958//1386
f 729//1254 756//1361 935//1387 933//1388
f 895//1255 729//1254 933//1388 932//1382
f 1069//1238 722//1233 769//1389 1077//1390
f 722//1233 888//1232 930//1391 769//1389
f 1025//1266 728//1265 931//1392 1016//1392
f 756//1318 907//1316 934//1393 935//1394
f 907//1316 760//1313 771//1381 934//1393
f 979//1309 407//1395 412//1396 978//1396
f 581//1363 782//1062 849//1061 675//1364
f 936//1212 713//1211 813//1397 1037//1398
f 974//831 975//1399 368//658 366//58
f 975//1400 976//1401 373//1402 368//1402
f 796//828 805//830 804//1403 795//837
f 822//1404 813//1404 860//1159 861//1154
f 822//1405 861//1405 863//1130 862//1129
f 876//1192 871//1162 878//1178 879//1179
f 869//1188 881//1187 880//1186 870//1152
f 896//1272 906//1289 905//1288 897//1269
f 776//1347 917//1349 914//1406 777//1406
f 772//1407 778//1353 779//1352 775//1407
f 692//1408 864//1142 689//1123 867//1139
f 690//1138 692//1408 867//1139
f 686//1128 688//1409 937//1409 938//1409 702//1409 857//1055
f 621//1410 618//1126 702//1127
f 872//1411 937//1412 688//1124 695//1143
f 700//1413 938//1414 937//1412 872//1411
f 873//1415 702//1415 938//1414 700//1413
f 687//1148 939//1147 866//1416
f 862//1137 939//1144 822//1417
f 678//1107 682//1106 940//1113 852//1112
f 682//1106 1051//1109 1050//1418 940//1113
f 944//1419 376//681 409//681 957//1420
f 411//629 958//629 768//629 1077//629 769//629 930//629 1016//629 931//629 932//629 933//629 935//629 934//629 771//629 770//629 978//629 412//629
f 372//682 386//682 422//1377 946//1376
f 623//1365 624//1421 943//1049 942//1048
f 783//1422 622//1423 941//1357 944//1356
f 762//1424 814//1425 425//1426 429//1427
f 926//1428 629//1429 423//1430 431//1431
f 764//1432 432//1433 423//1430 629//1429
f 817//1434 630//1378 422//1377 426//1434
f 985//1435 645//1436 417//1437 487//1438
f 645//1436 926//1428 431//1431 417//1437
f 764//1432 817//1439 426//1439 432//1433
f 762//1424 429//1427 430//1050 925//1440
f 763//1441 433//1442 425//1426 814//1425
f 1019//102 625//102 421//102 518//102
f 624//1421 925//1440 430//1050 943//1049
f 919//1443 623//1365 942//1048 945//1047
f 1000//1444 919//1445 945//1046 998//1045
f 778//1446 957//1086 956//1085 852//1447
f 678//1448 852//1447 956//1085 952//1084
f 982//1103 678//1448 952//1084 981//1083
f 851//1449 680//1097 681//1100
f 592//1092 850//1091 954//1078 948//1077
f 374//712 375//714 950//1450 949//1023
f 525//715 374//712 949//1023 1046//1022
f 364//50 367//716 953//845 947//827
f 592//1451 948//826 947//827 593//847
f 772//1452 783//1452 944//1419 957//1420 778//1452
f 765//1218 886//1384 963//1220 962//1219
f 962//1219 399//466 398//719 960//1217
f 959//1215 397//720 396//302 961//1064
f 960//1217 398//719 397//720 959//1215
f 400//467 963//1220 958//1386 411//721
f 761//1366 927//1213 961//1064 964//1063
f 761//1374 964//1374 946//1374
f 804//1016 841//1015 976//1401 975//1400
f 795//837 804//1403 975//1399 974//831
f 370//722 371//723 973//1345 967//857
f 401//535 968//1286 973//1344 371//724
f 402//725 969//1343 977//1285 403//534
f 405//726 406//727 972//1306 971//1305
f 739//1453 970//1303 971//1304 740//1453
f 903//1301 730//1276 968//1286 977//1285
f 402//1454 404//1454 970//1283 969//1282
f 369//730 370//722 967//857 966//83
f 365//731 369//731 966//852 965//851
f 795//837 974//831 965//832 594//835
f 406//727 407//1395 979//1309 972//1306
f 909//1321 979//1320 978//1455 770//1455
f 784//1456 580//1457 1053//1457 1052//1101
f 940//1113 1050//1418 750//1458 980//1110
f 784//1459 854//1096 749//1095
f 683//1460 983//1105 982//1104
f 955//1082 981//1083 468//326 393//323
f 683//1461 851//1449 681//1100 983//1105
f 680//1094 851//1462 984//1462 850//1091 679//1089
f 851//1463 683//1102 955//1082 951//1081 984//1463
f 622//1423 992//1464 997//1465 941//1357
f 625//1466 985//1435 487//1438 421//1466
f 941//1357 997//1465 481//744 377//609
f 627//922 839//1008 996//1002 993//1005
f 839//1008 633//913 986//912 996//1002
f 636//963 988//962 995//994 658//1467
f 820//914 654//986 989//961 991//915
f 1010//1468 1026//968 987//971 637//1469
f 1057//936 1078//965 994//934 647//933
f 654//986 648//985 988//962 989//961
f 637//1470 987//931 994//934 824//967
f 632//1003 986//912 991//915 819//987
f 1006//102 627//102 993//102 1007//102
f 1070//898 815//901 990//1471 1079//1472
f 992//1464 1000//1444 998//1045 997//1465
f 997//1465 998//1045 180//277 481//744
f 1007//102 993//102 1001//102 1009//102
f 1079//1472 990//1471 999//895 1000//894
f 990//1471 1007//1473 1009//1474 999//895
f 815//901 1006//905 1007//1473 990//1471
f 774//1475 916//1476 1003//1477 1005//1477
f 627//102 1006//102 1002//102 628//102
f 773//102 628//102 1002//102 1004//102
f 999//895 1009//1474 1008//1478 816//896
f 773//102 1004//102 1005//102 576//102
f 658//1467 995//994 1026//968 1010//1468
f 763//1441 1019//1479 518//1479 433//1442
f 888//102 1025//102 1016//102 930//102
f 1075//102 625//102 1019//102 1080//102
f 721//102 1013//102 1025//102 888//102
f 650//1480 889//1264 1024//1263 1018//1480
f 716//102 1024//102 1023//102 718//102
f 718//102 1023//102 1022//102 719//102
f 719//102 1022//102 1013//102 721//102
f 825//217 1015//215 1021//760 660//759
f 660//759 1021//760 1014//761 826//761
f 824//102 1017//102 1010//102 637//102
f 836//991 1015//999 1012//981 659//992
f 659//992 1012//981 1020//969 835//993
f 826//102 1014//102 1011//102 642//102
f 642//102 1011//102 1018//102 828//102
f 995//994 835//993 1020//969 1026//968
f 748//809 1030//811 1028//1481 585//874
f 849//1061 1047//1482 1048//1076 675//1075
f 849//1061 673//1060 1047//1482
f 578//102 676//102 1031//102
f 579//792 608//873 1029//1483 1027//793
f 585//874 1028//1481 1029//1483 608//873
f 578//102 1031//102 1027//102 577//102
f 367//102 525//102 1046//102 953//102
f 619//890 620//892 1045//1484 1040//1485
f 797//102 1044//102 1035//102 596//102
f 598//102 803//102 1041//102 1043//102
f 798//102 1042//102 1044//102 797//102
f 598//102 1043//102 1042//102 798//102
f 596//102 1035//102 1036//102 799//102
f 953//102 1046//102 1041//102 803//102
f 620//892 936//1212 1037//1398 1045//1484
f 610//877 619//890 1040//1485 1039//878
f 789//814 616//887 1034//886 1038//815
f 609//102 1034//102 1033//102 577//102
f 577//102 1033//102 1039//102 913//102
f 587//102 799//102 1036//102 1032//102
f 587//102 1032//102 1038//102 586//102
f 1081//1486 916//1476 774//1475 1058//1486
f 673//1060 676//1069 677//1068 1047//1482
f 1048//1076 916//1072 1081//1074 1049//1074
f 1047//1482 677//1068 916//1072 1048//1076
f 1053//1108 580//797 1051//1109
f 1052//1101 854//1099 784//1456
f 1053//1457 681//1100 1052//1101
f 1050//1418 582//799 750//1458
f 1051//1109 580//797 582//799 1050//1418
f 1049//102 1081//102 1058//102 775//102
f 824//102 1075//102 1080//102 1017//102
f 992//102 1079//102 1000//102
f 622//102 1070//102 1079//102 992//102
f 645//102 985//102 1078//102 1057//102
f 886//102 1069//102 1077//102 768//102
f 753//904 626//900 1059//899 1073//1487
f 834//928 1071//1488 1060//909 631//908
f 657//929 1056//1489 1061//1490 823//927
f 823//927 1061//1490 1071//1488 834//928
f 1017//995 1080//1491 1056//1489 657//929
f 643//1222 715//1225 1066//1234 1054//1492
f 829//957 1065//956 919//1493 816//959
f 765//102 1055//102 1069//102 886//102
f 714//1494 1068//1495 1055//776 765//776
f 928//1496 1067//1496 1068//1495 714//1494
f 927//102 1066//102 1067//102 928//102
f 817//102 764//102 1072//102 1074//102
f 985//102 625//102 1075//102 1078//102
f 623//1365 1065//956 1076//906 624//1421
f 761//102 630//102 1064//102 1054//102
f 630//102 817//102 1074//102 1064//102
f 764//102 629//102 1063//102 1072//102
f 629//102 926//102 1062//102 1063//102
f 926//102 645//102 1057//102 1062//102
f 624//629 1076//629 1060//1373 925//1372
f 622//102 783//102 1059//102 1070//102
f 772//102 775//102 1058//102 1073//102
